Workbook

Sheet Sheet
D1: MARKED IN YELLOW IS TICKET BOOKED BY THE COMPANY
D2: Last 5 years leave will be counted in calculation
A3: S.NO. | B3: Employee ID | C3: STAFF NAME | D3: JOINING DATE | E3: CALCULATE LEAVE FROM LAST 5 Years | F3: 2010 | G3: 2011 | H3: 2012 | I3: 2013 | J3: 2014 | K3: 2015 | L3: 2016 | M3: 2017 | N3: 2018 | O3: 2019 | P3: 2020 | Q3: 2021 | R3: 2022 | S3: 2023 | T3: 2024 | U3: 2025 | V3: 2026 | W3: last 5 years leave taken | X3: Avrg | Y3: LEAVE DUE | Z3: last 5 years | AA3: yrs | AB3: working yrs | AC3: TILL
A4: 1 | B4: IDFO-000 | C4: KANTESH GAGAN DAS NIHALACHANDANI | D4: 39295 | E4: 44197 | F4: 9 | G4: 20 | H4: 12 | I4: ='2013'!I3 -> 21 | J4: ='2014'!I3 -> 26 | K4: ='2015'!L4 -> 14 | L4: ='2016'!M4 -> 33 | N4: ='2018'!M2 -> 21 | O4: ='2019'!M2 -> 26 | P4: 0 | Q4: 21 | R4: 10 | S4: 36 | T4: 0 | U4: ='2025'!M2 -> 26 | V4: ='2026'!M2 -> 2 | W4: =SUM(P4:V4) -> 95 | X4: =W4/5 -> 19 | Y4: =SUM(30-X4)*AA4 -> 55.934247 | Z4: =AC4-E4 -> 1856 | AA4: =Z4/365 -> 5.0849315 | AB4: =SUM(AC4-D4)/365 -> 18.515068 | AC4: 46053
A5: 2 | B5: IDMO-032 | C5: PAWAN JAIKISHIN KOTAI | D5: 41883 | E5: 44197 | F5: join in sep 2014 | K5: ='2015'!L5 -> 0 | L5: ='2016'!M6 -> 23 | N5: ='2018'!M3 -> 0 | O5: ='2019'!M3 -> 28 | P5: 37 | Q5: 31 | R5: 22 | S5: 21 | T5: 24 | U5: ='2025'!M3 -> 24 | V5: ='2026'!M3 -> 14 | W5: =SUM(P5:V5) -> 173 | X5: =W5/5 -> 34.6 | Y5: =SUM(30-X5)*AA5 -> -23.390685 | Z5: =AC5-E5 -> 1856 | AA5: =Z5/365 -> 5.0849315 | AB5: =SUM(AC5-D5)/365 -> 11.424658 | AC5: 46053
A6: 3 | B6: IDMO-044 | C6: SANDEEP PULLANCHIODAN RAMATH SURENDRAN KURINHERI | D6: 42740 | E6: 44197 | F6: JOIN JAN 2017 | N6: ='2018'!M7 -> 21 | O6: ='2019'!M6 -> 41 | P6: 14 | Q6: 104 | R6: 0 | S6: 0 | T6: 0 | U6: ='2025'!M4 -> 10 | W6: =SUM(P6:U6) -> 128 | X6: =W6/5 -> 25.6 | Y6: =SUM(30-X6)*AA6 -> 22.687123 | Z6: =AC6-E6 -> 1882 | AA6: =Z6/365 -> 5.1561644 | AB6: =SUM(AC6-D6)/365 -> 9.1479452 | AC6: 46079
A7: 4 | B7: IDMO-133 | C7: AMAL SID | D7: 44762 | E7: 44869 | Q7: 0 | R7: 0 | S7: 0 | T7: 52 | U7: ='2025'!M5 -> 6 | V7: ='2026'!M5 -> 30 | W7: =SUM(P7:V7) -> 88 | X7: =W7/5 -> 17.6 | Y7: =SUM(30-X7)*AA7 -> 40.223562 | Z7: =AC7-E7 -> 1184 | AA7: =Z7/365 -> 3.2438356 | AB7: =SUM(AC7-D7)/365 -> 3.5369863 | AC7: 46053
A8: 5 | B8: IDMO-134 | C8: PRAJNA PUTTUR DIVAKARA | D8: 44866 | E8: 44932 | Q8: 0 | R8: 0 | S8: 0 | T8: 14 | U8: ='2025'!M142 -> 0 | W8: =SUM(P8:T8) -> 14 | X8: =W8/5 -> 2.8 | Y8: =SUM(30-X8)*AA8 -> 83.537534 | Z8: =AC8-E8 -> 1121 | AA8: =Z8/365 -> 3.0712329 | AB8: =SUM(AC8-D8)/365 -> 3.2520548 | AC8: 46053
A9: 6 | B9: IDMO-139 | C9: PRAJNA SACHIN POOJARY | D9: 44900 | E9: 44972 | R9: 0 | S9: 0 | T9: 14 | U9: ='2025'!M143 -> 0 | W9: =SUM(P9:V9) -> 14 | X9: =W9/5 -> 2.8 | Y9: =SUM(30-X9)*AA9 -> 80.556712 | Z9: =AC9-E9 -> 1081 | AA9: =Z9/365 -> 2.9616438 | AB9: =SUM(AC9-D9)/365 -> 3.1589041 | AC9: 46053
A10: 7 | B10: IDMO-197 | C10: NAINIKA GIRISH | D10: 45658 | E10: 45658 | U10: ='2025'!M6 -> 0 | W10: =SUM(P10:V10) -> 0 | AC10: 46053
A11: 8 | B11: IDMO-154 | C11: UMESH KUMAR PANDEY | D11: 45114 | E11: 45114 | Q11: 0 | R11: 0 | S11: 0 | T11: 0 | U11: ='2025'!M149 -> 0 | W11: =SUM(P11:V11) -> 0 | X11: =W11/5 -> 0 | Y11: =SUM(30-X11)*AA11 -> 77.178082 | Z11: =AC11-E11 -> 939 | AA11: =Z11/365 -> 2.5726027 | AB11: =SUM(AC11-D11)/365 -> 2.5726027 | AC11: 46053
A12: 9 | B12: IDMO-165 | C12: ADARSH VERNEKAR | D12: 45301 | E12: 45301 | Q12: 0 | R12: 0 | S12: 0 | T12: 0 | U12: ='2025'!M7 -> 28 | W12: =SUM(P12:V12) -> 28 | X12: =W12/5 -> 5.6 | Y12: =SUM(30-X12)*AA12 -> 50.270685 | Z12: =AC12-E12 -> 752 | AA12: =Z12/365 -> 2.060274 | AB12: =SUM(AC12-D12)/365 -> 2.060274 | AC12: 46053
A13: 10 | B13: IDMO-178 | C13: MELVIN THOMAS | D13: 45432 | E13: 45458 | Q13: 0 | R13: 0 | S13: 0 | T13: - | U13: - | V13: ='2026'!M8 -> 14 | W13: =SUM(P13:V13) -> 14 | X13: 7 | Y13: =SUM(30-X13)*AA13 -> 46 | Z13: =AC13-E13 -> 730 | AA13: =Z13/365 -> 2 | AB13: =SUM(AC13-D13)/365 -> 2.0712329 | AC13: 46188
A14: 11 | B14: IDMS-001 | C14: SANJAY MICHUMAL PUNJABI | D14: 39083 | E14: 44197 | F14: 8 | G14: 10 | H14: 5 | I14: ='2013'!I7 -> 4 | J14: ='2014'!I9 -> 5 | K14: ='2015'!L10 -> 10 | L14: ='2016'!M11 -> 5 | N14: ='2018'!M9 -> 0 | O14: ='2019'!M8 -> 4 | P14: 3 | Q14: 0 | R14: 15 | S14: 16 | T14: 8 | U14: ='2025'!M9 -> 0 | V14: ='2026'!M9 -> 7 | W14: =SUM(P14:V14) -> 49 | X14: =W14/5 -> 9.8 | Y14: =SUM(30-X14)*AA14 -> 102.71562 | Z14: =AC14-E14 -> 1856 | AA14: =Z14/365 -> 5.0849315 | AB14: =SUM(AC14-D14)/365 -> 19.09589 | AC14: 46053
A15: 12 | B15: IDMS-031 | C15: UMAIR RIAZ MUHAMMAD RIAZ SHOUQ | D15: 41852 | E15: 44197 | N15: ='2018'!M99 -> 0 | O15: ='2019'!M102 -> 16 | P15: 41 | Q15: 0 | R15: 0 | S15: 32 | T15: 0 | U15: ='2025'!M10 -> 0 | W15: =SUM(P15:T15) -> 73 | X15: =W15/5 -> 14.6 | Y15: =SUM(30-X15)*AA15 -> 78.307945 | Z15: =AC15-E15 -> 1856 | AA15: =Z15/365 -> 5.0849315 | AB15: =SUM(AC15-D15)/365 -> 11.509589 | AC15: 46053
A16: 13 | B16: IDMO-002 | C16: MAHESH CHAINANI RAMCHAND | D16: 39083 | E16: 44197 | F16: 21 | G16: 33 | H16: 14 | I16: ='2013'!I9 -> 15 | J16: ='2014'!I12 -> 11 | K16: ='2015'!L13 -> 31 | L16: ='2016'!M14 -> 34 | N16: ='2018'!M12 -> 18 | O16: ='2019'!M10 -> 13 | P16: 0 | Q16: 16 | R16: 23 | S16: 19 | T16: 12 | U16: ='2025'!M11 -> 15 | W16: =SUM(P16:T16) -> 70 | X16: =W16/5 -> 14 | Y16: =SUM(30-X16)*AA16 -> 81.358904 | Z16: =AC16-E16 -> 1856 | AA16: =Z16/365 -> 5.0849315 | AB16: =SUM(AC16-D16)/365 -> 19.09589 | AC16: 46053
A17: 14 | B17: IDMS-003 | C17: JITESH CHAWLA | D17: 39083 | E17: 44197 | F17: 89 | G17: 45 | H17: 13 | I17: ='2013'!I10 -> 29 | J17: ='2014'!I13 -> 14 | K17: ='2015'!L14 -> 31 | L17: ='2016'!M15 -> 23 | N17: ='2018'!M13 -> 13 | O17: ='2019'!M11 -> 0 | P17: 0 | Q17: 28 | R17: 16 | S17: 22 | T17: ='2024'!M11 -> 15 | U17: ='2025'!M12 -> 20 | W17: =SUM(P17:T17) -> 81 | X17: =W17/5 -> 16.2 | Y17: =SUM(30-X17)*AA17 -> 70.172055 | Z17: =AC17-E17 -> 1856 | AA17: =Z17/365 -> 5.0849315 | AB17: =SUM(AC17-D17)/365 -> 19.09589 | AC17: 46053
A18: 15 | B18: IDBS-012 | C18: VIJAY KUMAR ASHOK KUMAR | D18: 39142 | E18: 44197 | F18: 31 | G18: 6 | H18: 34 | I18: ='2013'!I11 -> 0 | J18: ='2014'!I14 -> 34 | K18: ='2015'!L15 -> 13 | L18: ='2016'!M16 -> 11 | N18: ='2018'!M14 -> 10 | O18: ='2019'!M12 -> 18 | P18: 1 | Q18: 0 | R18: 8 | S18: 37 | T18: 2 | U18: ='2025'!M13 -> 4 | W18: =SUM(P18:U18) -> 52 | X18: =W18/5 -> 10.4 | Y18: =SUM(30-X18)*AA18 -> 99.664658 | Z18: =AC18-E18 -> 1856 | AA18: =Z18/365 -> 5.0849315 | AB18: =SUM(AC18-D18)/365 -> 18.934247 | AC18: 46053
A19: 16 | B19: IDBO-036 | C19: ASHFAQ MUHAMMAD AHAMED | D19: 42036 | E19: 44197 | F19: JOIN IN 2015 | K19: ='2015'!L3 -> 5 | L19: ='2016'!M5 -> 20 | N19: ='2018'!M15 -> 51 | O19: ='2019'!M13 -> 22 | P19: 20 | Q19: 6 | R19: 60 | S19: 5 | T19: 13 | U19: ='2025'!M14 -> 0 | V19: ='2026'!M14 -> 14 | W19: =SUM(P19:T19) -> 104 | X19: =W19/5 -> 20.8 | Y19: =SUM(30-X19)*AA19 -> 46.78137 | Z19: =AC19-E19 -> 1856 | AA19: =Z19/365 -> 5.0849315 | AB19: =SUM(AC19-D19)/365 -> 11.005479 | AC19: 46053
A20: 17 | B20: IDMO-090 | C20: GAURAV NATHANI SANTOSH NATHANI | D20: 44317 | E20: 44317 | Q20: 16 | R20: 0 | S20: 6 | T20: 26 | U20: ='2025'!M15 -> 0 | W20: =SUM(P20:T20) -> 48 | X20: =W20/5 -> 9.6 | Y20: =SUM(30-X20)*AA20 -> 97.025753 | Z20: =AC20-E20 -> 1736 | AA20: =Z20/365 -> 4.7561644 | AB20: =SUM(AC20-D20)/365 -> 4.7561644 | AC20: 46053
A21: 18 | B21: IDMS-004 | C21: NISHITH SURENDRAN NATHAN KAVIL VADAKKE VEETIL SURENDRAN KUNIYIL | D21: 39083 | E21: 44197 | F21: 0 | G21: 0 | H21: 66 | I21: ='2013'!I12 -> 0 | J21: ='2014'!I15 -> 42 | K21: ='2015'!L16 -> 0 | L21: ='2016'!M17 -> 4 | N21: ='2018'!M17 -> 8 | O21: ='2019'!M15 -> 0 | P21: 0 | Q21: 0 | R21: 35 | S21: 12 | T21: 28 | U21: ='2025'!M16 -> 0 | W21: =SUM(P21:T21) -> 75 | X21: =W21/5 -> 15 | Y21: =SUM(30-X21)*AA21 -> 76.273973 | Z21: =AC21-E21 -> 1856 | AA21: =Z21/365 -> 5.0849315 | AB21: =SUM(AC21-D21)/365 -> 19.09589 | AC21: 46053
A22: 19 | B22: IDBS-024 | C22: ASLAMBHAI ARIFBHAI SHEIKH SHEIKH ARIFBHI MEHMOODBHAI | D22: 41334 | E22: 44197 | I22: ='2013'!I13 -> 0 | J22: ='2014'!I16 -> 0 | K22: ='2015'!L17 -> 0 | L22: ='2016'!M18 -> 37 | N22: ='2018'!M18 -> 7 | O22: ='2019'!M16 -> 0 | P22: 0 | Q22: 0 | R22: 11 | S22: 0 | T22: 19 | U22: ='2025'!M17 -> 0 | W22: =SUM(P22:T22) -> 30 | X22: =W22/5 -> 6 | Y22: =SUM(30-X22)*AA22 -> 122.03836 | Z22: =AC22-E22 -> 1856 | AA22: =Z22/365 -> 5.0849315 | AB22: =SUM(AC22-D22)/365 -> 12.928767 | AC22: 46053
A23: 20 | B23: IDBS-016 | C23: PRAVEEN KUMAR PERIYADAN KADINHIPALLY | D23: 40483 | E23: 44197 | F23: 0 | G23: 0 | H23: 40 | I23: ='2013'!I16 -> 44 | J23: ='2014'!I19 -> 23 | K23: ='2015'!L19 -> 50 | L23: ='2016'!M20 -> 38 | N23: ='2018'!M20 -> 47 | O23: ='2019'!M18 -> 49 | P23: 0 | Q23: 29 | R23: 20 | S23: 35 | T23: 28 | U23: ='2025'!M18 -> 0 | W23: =SUM(P23:T23) -> 112 | X23: =W23/5 -> 22.4 | Y23: =SUM(30-X23)*AA23 -> 42.414247 | Z23: =AC23-E23 -> 2037 | AA23: =Z23/365 -> 5.5808219 | AB23: =SUM(AC23-D23)/365 -> 15.756164 | AC23: 46234
A24: 21 | B24: IDMS-108 | C24: DEEPAK PUSHPAN PUSHPANGANGADHARAN | D24: 44652 | E24: 44682 | R24: 7 | S24: 16 | T24: 37 | U24: ='2025'!M19 -> 17 | W24: =SUM(P24:U24) -> 77 | X24: =W24/AA24 -> 20.499635 | Y24: =SUM(30-X24)*AA24 -> 35.684932 | Z24: =AC24-E24 -> 1371 | AA24: =Z24/365 -> 3.7561644 | AB24: =SUM(AC24-D24)/365 -> 3.8383562 | AC24: 46053
A25: 22 | B25: IDMS-109 | C25: JITHIN PANDIYATH RAJAN PANDIYATH RAMAN RAJAN | D25: 44652 | E25: 44652 | R25: 0 | S25: 0 | T25: 0 | U25: ='2025'!M20 -> 21 | W25: =SUM(P25:T25) -> 0 | X25: =W25/5 -> 0 | Y25: =SUM(30-X25)*AA25 -> 115.15068 | Z25: =AC25-E25 -> 1401 | AA25: =Z25/365 -> 3.8383562 | AB25: =SUM(AC25-D25)/365 -> 3.8383562 | AC25: 46053
A26: 23 | B26: IDMS-017 | C26: PRAMOD POINACHI KUNHI RAMAN POINACHI | D26: 44652 | E26: 44682 | R26: 0 | S26: 0 | T26: 26 | U26: ='2025'!M21 -> 0 | V26: ='2026'!M106 -> 1 | W26: =SUM(P26:V26) -> 27 | X26: =W26/5 -> 5.4 | Y26: =SUM(30-X26)*AA26 -> 92.401644 | Z26: =AC26-E26 -> 1371 | AA26: =Z26/365 -> 3.7561644 | AB26: =SUM(AC26-D26)/365 -> 3.8383562 | AC26: 46053
A27: 24 | B27: IDBM-023 | C27: PRABHAKAR PONNAM ANJAIAH PONNAM | D27: 41244 | E27: 44197 | F27: 41244 | H27: 0 | I27: ='2013'!I24 -> 0 | J27: ='2014'!I26 -> 0 | K27: ='2015'!L25 -> 0 | L27: ='2016'!M27 -> 0 | N27: ='2018'!M25 -> 47 | O27: ='2019'!M22 -> 86 | P27: 0 | Q27: 58 | R27: 45 | S27: 46 | T27: 0 | U27: ='2025'!M22 -> 46 | W27: =SUM(P27:T27) -> 149 | X27: =W27/5 -> 29.8 | Y27: =SUM(30-X27)*AA27 -> 1.0169863 | Z27: =AC27-E27 -> 1856 | AA27: =Z27/365 -> 5.0849315 | AB27: =SUM(AC27-D27)/365 -> 13.175342 | AC27: 46053
A28: 25 | B28: IDMM-034 | C28: GANGARAJAM BAKKAIAH ODNALA | D28: 41913 | E28: 44197 | J28: 0 | K28: ='2015'!L43 -> 0 | L28: ='2016'!M38 -> 0 | N28: ='2018'!M35 -> 0 | O28: ='2019'!M30 -> 78 | P28: 0 | Q28: 102 | R28: 0 | S28: 57 | T28: 41 | U28: ='2025'!M23 -> 9 | W28: =SUM(P28:T28) -> 200 | X28: =W28/5 -> 40 | Y28: =SUM(30-X28)*AA28 -> -50.849315 | Z28: =AC28-E28 -> 1856 | AA28: =Z28/365 -> 5.0849315 | AB28: =SUM(AC28-D28)/365 -> 11.342466 | AC28: 46053
A29: 26 | B29: IDMM-028 | C29: MOHAMMED JABID MOIDU KUNHI | D29: 41760 | E29: 44197 | J29: ='2014'!I44 -> 0 | K29: ='2015'!L38 -> 48 | L29: ='2016'!M47 -> 22 | N29: ='2018'!M43 -> 0 | O29: ='2019'!M36 -> 62 | P29: 0 | Q29: 61 | R29: 0 | S29: 61 | T29: 0 | U29: ='2025'!M24 -> 8 | W29: =SUM(Q29:U29) -> 130 | X29: =W29/5 -> 26 | Y29: =SUM(30-X29)*AA29 -> 20.339726 | Z29: =AC29-E29 -> 1856 | AA29: =Z29/365 -> 5.0849315 | AB29: =SUM(AC29-D29)/365 -> 11.761644 | AC29: 46053
A30: 27 | B30: IDMM-021 | C30: ARUN KANNOTHIL MANIKANDAN KANNOTHIL | D30: 40878 | E30: 44197 | F30: 0 | H30: 0 | J30: ='2014'!I66 -> 81 | K30: ='2015'!L69 -> 0 | L30: ='2016'!M49 -> 0 | N30: ='2018'!M45 -> 0 | O30: ='2019'!M38 -> 31 | P30: 21 | Q30: 0 | R30: 61 | S30: 0 | T30: 62 | U30: ='2025'!M25 -> 0 | W30: =SUM(P30:T30) -> 144 | X30: =W30/5 -> 28.8 | Y30: =SUM(30-X30)*AA30 -> 6.1019178 | Z30: =AC30-E30 -> 1856 | AA30: =Z30/365 -> 5.0849315 | AB30: =SUM(AC30-D30)/365 -> 14.178082 | AC30: 46053
A31: 28 | B31: IDBM-040 | C31: PARAMESH CHANDRAIAH NASPURI CHANDRAIAH POSANNA NASPURI | D31: 42522 | E31: 44197 | F31: JOIN IN 2016 | L31: ='2016'!M51 -> 0 | N31: ='2018'!M47 -> 0 | O31: ='2019'!M40 -> 63 | P31: 40 | Q31: 23 | R31: 0 | S31: 31 | T31: 0 | U31: ='2025'!M26 -> 81 | W31: =SUM(P31:T31) -> 94 | X31: =W31/5 -> 18.8 | Y31: =SUM(30-X31)*AA31 -> 56.951233 | Z31: =AC31-E31 -> 1856 | AA31: =Z31/365 -> 5.0849315 | AB31: =SUM(AC31-D31)/365 -> 9.6739726 | AC31: 46053
A32: 29 | B32: IDBM-043 | C32: MUHAMMAD SABIR MUHAMMAD SAEED | D32: 42675 | E32: 44197 | L32: ='2016'!M57 -> 0 | N32: ='2018'!M51 -> 21 | O32: ='2019'!M43 -> 50 | P32: 0 | Q32: 131 | R32: 0 | S32: 0 | T32: 63 | U32: ='2025'!M27 -> 41 | W32: =SUM(Q32:U32) -> 235 | X32: =W32/5 -> 47 | Y32: =SUM(30-X32)*AA32 -> -86.443836 | Z32: =AC32-E32 -> 1856 | AA32: =Z32/365 -> 5.0849315 | AB32: =SUM(AC32-D32)/365 -> 9.2547945 | AC32: 46053
A33: 30 | B33: IDBM-048 | C33: SUNIL KUMAR RAM JIVAN | D33: 42948 | E33: 44197 | N33: ='2018'!M59 -> 0 | O33: ='2019'!M50 -> 61 | P33: 0 | Q33: 30 | R33: 30 | S33: 0 | T33: 78 | U33: ='2025'!M28 -> 0 | W33: =SUM(P33:T33) -> 138 | X33: =W33/5 -> 27.6 | Y33: =SUM(30-X33)*AA33 -> 12.203836 | Z33: =AC33-E33 -> 1856 | AA33: =Z33/365 -> 5.0849315 | AB33: =SUM(AC33-D33)/365 -> 8.5068493 | AC33: 46053
A34: 31 | B34: IDMM-050 | C34: AKASH RAVINDRA TAMBEKAR RAVINDRA PANDURAG TAMBEKAR | D34: 42979 | E34: 44197 | N34: ='2018'!M62 -> 0 | O34: ='2019'!M53 -> 31 | P34: 0 | Q34: 0 | R34: 63 | S34: 34 | T34: 40 | U34: ='2025'!M29 -> 32 | W34: =SUM(P34:T34) -> 137 | X34: =W34/5 -> 27.4 | Y34: =SUM(30-X34)*AA34 -> 13.220822 | Z34: =AC34-E34 -> 1856 | AA34: =Z34/365 -> 5.0849315 | AB34: =SUM(AC34-D34)/365 -> 8.4219178 | AC34: 46053
A35: 32 | B35: IDMM-053 | C35: THIRUPATHI JAINAPURAPU BHEEMAIAH JAINAPURAPU | D35: 43101 | E35: 44197 | N35: ='2018'!M64 -> 0 | O35: ='2019'!M55 -> 24 | P35: 0 | Q35: 0 | R35: 46 | S35: 28 | T35: 34 | U35: ='2025'!M30 -> 0 | W35: =SUM(P35:T35) -> 108 | X35: =W35/5 -> 21.6 | Y35: =SUM(30-X35)*AA35 -> 42.713425 | Z35: =AC35-E35 -> 1856 | AA35: =Z35/365 -> 5.0849315 | AB35: =SUM(AC35-D35)/365 -> 8.0876712 | AC35: 46053
A36: 33 | B36: IDMM-010 | C36: SAI KUMAR EDUGUNURI NADAIAH EDUGUNURI | D36: 43101 | E36: 44197 | N36: ='2018'!M65 -> 0 | O36: ='2019'!M56 -> 0 | P36: 165 | Q36: 0 | R36: 77 | S36: 0 | T36: 50 | U36: ='2025'!M31 -> 0 | W36: =SUM(Q36:T36) -> 127 | X36: =W36/5 -> 25.4 | Y36: =SUM(30-X36)*AA36 -> 23.390685 | Z36: =AC36-E36 -> 1856 | AA36: =Z36/365 -> 5.0849315 | AB36: =SUM(AC36-D36)/365 -> 8.0876712 | AC36: 46053
A37: 34 | B37: IDMM-054 | C37: MOHAMMED TAHIR KHAN PATHAN | D37: 43132 | E37: 44197 | N37: ='2018'!M66 -> 0 | O37: ='2019'!M57 -> 0 | P37: 0 | Q37: 24 | R37: 64 | S37: 0 | T37: 62 | U37: ='2025'!M32 -> 0 | W37: =SUM(P37:T37) -> 150 | X37: =W37/5 -> 30 | Y37: =SUM(30-X37)*AA37 -> 0 | Z37: =AC37-E37 -> 1856 | AA37: =Z37/365 -> 5.0849315 | AB37: =SUM(AC37-D37)/365 -> 8.0027397 | AC37: 46053
A38: 35 | B38: IDMM-055 | C38: GANESH KANAUJIA RAM CHANDAR KANAUJIA | D38: 43191 | E38: 44197 | N38: ='2018'!M67 -> 0 | O38: ='2019'!M58 -> 7 | P38: 97 | Q38: 0 | R38: 0 | S38: 63 | T38: 0 | U38: ='2025'!M33 -> 61 | W38: =SUM(P38:T38) -> 160 | X38: =W38/5 -> 32 | Y38: =SUM(30-X38)*AA38 -> -10.169863 | Z38: =AC38-E38 -> 1856 | AA38: =Z38/365 -> 5.0849315 | AB38: =SUM(AC38-D38)/365 -> 7.8410959 | AC38: 46053
A39: 36 | B39: IDMM-056 | C39: NOOH THANCHANKANDY MOIDEEN KUTTY KALLIAN KATTIL | D39: 43282 | E39: 44197 | N39: ='2018'!M69 -> 0 | O39: ='2019'!M60 -> 13 | P39: 27 | Q39: 55 | R39: 45 | S39: 51 | T39: 31 | U39: ='2025'!M34 -> 7 | W39: =SUM(Q39:U39) -> 189 | X39: =W39/5 -> 37.8 | Y39: =SUM(30-X39)*AA39 -> -39.662466 | Z39: =AC39-E39 -> 1856 | AA39: =Z39/365 -> 5.0849315 | AB39: =SUM(AC39-D39)/365 -> 7.5917808 | AC39: 46053
A40: 37 | B40: IDMM-058 | C40: KAREEM CHOKKIYAN MOIDEENKUTTY VALAPPIL | D40: 43466 | E40: 44197 | N40: 0 | O40: ='2019'!M63 -> 0 | P40: 0 | Q40: 27 | R40: 33 | S40: 0 | T40: 61 | U40: ='2025'!M35 -> 0 | W40: =SUM(P40:T40) -> 121 | X40: =W40/5 -> 24.2 | Y40: =SUM(30-X40)*AA40 -> 32.845479 | Z40: =AC40-E40 -> 2067 | AA40: =Z40/365 -> 5.6630137 | AB40: =SUM(AC40-D40)/365 -> 7.6657534 | AC40: 46264
A41: 38 | B41: IDMM-059 | C41: MIDHUN VALIYAPURAKKAL MOHANAN MOHANAN VALIYAPURAKKAL VELAYUDHAN | D41: 43497 | E41: 44197 | P41: 0 | Q41: 138 | R41: 0 | S41: 0 | T41: 0 | U41: ='2025'!M36 -> 0 | W41: =SUM(P41:T41) -> 138 | X41: =W41/5 -> 27.6 | Y41: =SUM(30-X41)*AA41 -> 12.203836 | Z41: =AC41-E41 -> 1856 | AA41: =Z41/365 -> 5.0849315 | AB41: =SUM(AC41-D41)/365 -> 7.0027397 | AC41: 46053
A42: 39 | B42: IDMM-061 | C42: ABU SALIH MAYYERI MOHAMMED KUTTY MAYYERI | D42: 43617 | E42: 44197 | O42: ='2019'!M67 -> 0 | P42: 0 | Q42: 0 | R42: 61 | S42: 0 | T42: 63 | U42: ='2025'!M37 -> 0 | W42: =SUM(P42:T42) -> 124 | X42: =W42/5 -> 24.8 | Y42: =SUM(30-X42)*AA42 -> 26.441644 | Z42: =AC42-E42 -> 1856 | AA42: =Z42/365 -> 5.0849315 | AB42: =SUM(AC42-D42)/365 -> 6.6739726 | AC42: 46053
A43: 40 | B43: IDMM-062 | C43: MUHAMMAD ABID MUHAMMAD SAEED | D43: 43617 | E43: 44197 | O43: ='2019'!M68 -> 0 | P43: 0 | Q43: 91 | R43: 0 | S43: 0 | T43: 45 | U43: ='2025'!M38 -> 18 | W43: =SUM(P43:U43) -> 154 | X43: =W43/5 -> 30.8 | Y43: =SUM(30-X43)*AA43 -> -4.0460274 | Z43: =AC43-E43 -> 1846 | AA43: =Z43/365 -> 5.0575342 | AB43: =SUM(AC43-D43)/365 -> 6.6465753 | AC43: 46043
A44: 41 | B44: IDMM-065 | C44: ATHUL ELLIKANDAVIDA KRISHNAN ALLIKANDAVIDA | D44: 43617 | E44: 44197 | O44: ='2019'!M66 -> 0 | P44: 0 | Q44: 0 | R44: 108 | S44: 0 | T44: 39 | U44: ='2025'!M39 -> 0 | W44: =SUM(P44:T44) -> 147 | X44: =W44/5 -> 29.4 | Y44: =SUM(30-X44)*AA44 -> 3.0509589 | Z44: =AC44-E44 -> 1856 | AA44: =Z44/365 -> 5.0849315 | AB44: =SUM(AC44-D44)/365 -> 6.6739726 | AC44: 46053
A45: 42 | B45: IDMM-068 | C45: VAMSHI VADNALA GANGADHAR VADNALA | D45: 43739 | E45: 43876 | O45: ='2019'!M73 -> 0 | P45: 0 | Q45: 0 | R45: 60 | S45: 0 | T45: 0 | U45: ='2025'!M40 -> 59 | W45: =SUM(P45:T45) -> 60 | X45: =W45/5 -> 12 | Y45: =SUM(30-X45)*AA45 -> 107.3589 | Z45: =AC45-E45 -> 2177 | AA45: =Z45/365 -> 5.9643836 | AB45: =SUM(AC45-D45)/365 -> 6.339726 | AC45: 46053
A46: 43 | B46: IDMM-074 | C46: MOHAMMED RAHIM UDDIN EMDAD HOSSAIN | D46: 44105 | E46: 44105 | Q46: 0 | R46: 0 | S46: 62 | T46: 38 | U46: ='2025'!M41 -> 0 | W46: =SUM(P46:T46) -> 100 | X46: =W46/5 -> 20 | Y46: =SUM(30-X46)*AA46 -> 53.369863 | Z46: =AC46-E46 -> 1948 | AA46: =Z46/365 -> 5.3369863 | AB46: =SUM(AC46-D46)/365 -> 5.3369863 | AC46: 46053
A47: 44 | B47: IDMM-076 | C47: SANJAY SHIV POOJAN | D47: 44166 | E47: 44166 | Q47: 0 | R47: 42 | S47: 0 | T47: 0 | U47: ='2025'!M42 -> 97 | W47: =SUM(P47:T47) -> 42 | X47: =W47/4.17 -> 10.071942 | Y47: =SUM(30-X47)*AA47 -> 103.02533 | Z47: =AC47-E47 -> 1887 | AA47: =Z47/365 -> 5.169863 | AB47: =SUM(AC47-D47)/365 -> 5.169863 | AC47: 46053
A48: 45 | B48: IDMM-077 | C48: VISHAL RAVINDRA TAMBEKAR RAVINDRA PANDURANG TAMBEKAR | D48: 44166 | E48: 44244 | Q48: 0 | R48: 0 | S48: 60 | T48: 7 | U48: ='2025'!M43 -> 91 | W48: =SUM(Q48:U48) -> 158 | X48: =W48/5 -> 31.6 | Y48: =SUM(30-X48)*AA48 -> -8.1884932 | Z48: =AC48-E48 -> 1868 | AA48: =Z48/365 -> 5.1178082 | AB48: =SUM(AC48-E48)/365 -> 5.1178082 | AC48: 46112
A49: 46 | B49: IDMM-079 | C49: BYJU KAKOTH KUNHIKANNAN | D49: 44197 | E49: 44197 | Q49: 0 | R49: 35 | S49: 0 | T49: 55 | U49: ='2025'!M44 -> 31 | W49: =SUM(P49:T49) -> 90 | X49: =W49/5 -> 18 | Y49: =SUM(30-X49)*AA49 -> 61.019178 | Z49: =AC49-E49 -> 1856 | AA49: =Z49/365 -> 5.0849315 | AB49: =SUM(AC49-D49)/365 -> 5.0849315 | AC49: 46053
A50: 47 | B50: IDMM-081 | C50: ASHOK KUMAR CHAURASIYA SIYA | D50: 44197 | E50: 44297 | Q50: 0 | R50: 0 | S50: 60 | T50: 35 | U50: ='2025'!M45 -> 0 | W50: =SUM(P50:T50) -> 95 | X50: =W50/4.7 -> 20.212766 | Y50: =SUM(30-X50)*AA50 -> 47.085981 | Z50: =AC50-E50 -> 1756 | AA50: =Z50/365 -> 4.8109589 | AB50: =SUM(AC50-D50)/365 -> 5.0849315 | AC50: 46053
A51: 48 | B51: IDMM-087 | C51: ANWAR JATTIPALLA ISUBU | D51: 44287 | E51: 44287 | Q51: 0 | R51: 15 | S51: 32 | T51: 40 | U51: ='2025'!M46 -> 54 | W51: =SUM(P51:T51) -> 87 | X51: =W51/5 -> 17.4 | Y51: =SUM(30-X51)*AA51 -> 60.963288 | Z51: =AC51-E51 -> 1766 | AA51: =Z51/365 -> 4.8383562 | AB51: =SUM(AC51-D51)/365 -> 4.8383562 | AC51: 46053
A52: 49 | B52: IDMM-092 | C52: MANGAL SINGH TEHAL SINGH | D52: 44378 | E52: 44378 | Q52: 0 | R52: 0 | S52: 0 | T52: 39 | U52: ='2025'!M47 -> 93 | W52: =SUM(P52:T52) -> 39 | X52: =W52/3.51 -> 11.111111 | Y52: =SUM(30-X52)*AA52 -> 86.681887 | Z52: =AC52-E52 -> 1675 | AA52: =Z52/365 -> 4.5890411 | AB52: =SUM(AC52-D52)/365 -> 4.5890411 | AC52: 46053
A53: 50 | B53: IDMM-094 | C53: FAHAD HOSSAIN DOLON MD DEWAR HOSSEN | D53: 44378 | E53: 44378 | Q53: 0 | R53: 0 | S53: 0 | T53: 61 | U53: ='2025'!M48 -> 0 | W53: =SUM(P53:T53) -> 61 | X53: =W53/3.5 -> 17.428571 | Y53: =SUM(30-X53)*AA53 -> 57.690802 | Z53: =AC53-E53 -> 1675 | AA53: =Z53/365 -> 4.5890411 | AB53: =SUM(AC53-D53)/365 -> 4.5890411 | AC53: 46053
A54: 51 | B54: IDMM-096 | C54: MEHBOOB ALOM MOULANA ABUL KALAM | D54: 44409 | E54: 44502 | Q54: 0 | R54: 0 | S54: 0 | T54: 131 | U54: ='2025'!M49 -> 0 | W54: =SUM(P54:T54) -> 131 | X54: =W54/4.5 -> 29.111111 | Y54: =SUM(30-X54)*AA54 -> 4.0694064 | Z54: =AC54-E54 -> 1671 | AA54: =Z54/365 -> 4.5780822 | AB54: =SUM(AC54-D54)/365 -> 4.8328767 | AC54: 46173
A55: 52 | B55: IDMM-095 | C55: MOHAMMAD REAZ UDDIN MOHAMMAD DULAL MIA | D55: 44378 | E55: 44501 | Q55: 0 | R55: 0 | S55: 12 | T55: 48 | U55: ='2025'!M50 -> 15 | V55: ='2026'!M50 -> 46 | W55: =SUM(P55:V55) -> 121 | X55: =W55/5 -> 24.2 | Y55: =SUM(30-X55)*AA55 -> 24.661918 | Z55: =AC55-E55 -> 1552 | AA55: =Z55/365 -> 4.2520548 | AB55: =SUM(AC55-D55)/365 -> 4.5890411 | AC55: 46053
A56: 53 | B56: IDMM-098 | C56: FIRDUS ALOM TALUKDAR MOKTAR UDDIN TALUKDAR | D56: 44470 | E56: 44528 | Q56: 0 | R56: 0 | S56: 0 | T56: 61 | U56: ='2025'!M51 -> 0 | W56: =SUM(P56:T56) -> 61 | X56: =W56/5 -> 12.2 | Y56: =SUM(30-X56)*AA56 -> 74.369863 | Z56: =AC56-E56 -> 1525 | AA56: =Z56/365 -> 4.1780822 | AB56: =SUM(AC56-D56)/365 -> 4.3369863 | AC56: 46053
A57: 54 | B57: IDMM-104 | C57: BISWAJIT DEB BIKASH DEB | D57: 44470 | E57: 44470 | Q57: 0 | R57: 0 | S57: 0 | T57: 0 | U57: ='2025'!M52 -> 0 | W57: =SUM(P57:T57) -> 0 | X57: =W57/5 -> 0 | Y57: =SUM(30-X57)*AA57 -> 130.10959 | Z57: =AC57-E57 -> 1583 | AA57: =Z57/365 -> 4.3369863 | AB57: =SUM(AC57-D57)/365 -> 4.3369863 | AC57: 46053
A58: 55 | B58: IDMM-099 | C58: SHAMIL NISATH SULAIMAN SYED SULAIMAN | D58: 44470 | E58: 44470 | Q58: 0 | R58: 0 | S58: 42 | T58: 31 | U58: ='2025'!M53 -> 45 | W58: =SUM(P58:U58) -> 118 | X58: =W58/3 -> 39.333333 | Y58: =SUM(30-X58)*AA58 -> -42.754338 | Z58: =AC58-E58 -> 1672 | AA58: =Z58/365 -> 4.5808219 | AB58: =SUM(AC58-D58)/365 -> 4.5808219 | AC58: 46142
A59: 56 | B59: IDMM-102 | C59: SUDHIR KUMAR SUBEDAR | D59: 44470 | E59: 44593 | Q59: 0 | R59: 0 | S59: 0 | T59: 77 | U59: ='2025'!M54 -> 0 | W59: =SUM(P59:T59) -> 77 | X59: =W59/5 -> 15.4 | Y59: =SUM(30-X59)*AA59 -> 58.4 | Z59: =AC59-E59 -> 1460 | AA59: =Z59/365 -> 4 | AB59: =SUM(AC59-D59)/365 -> 4.3369863 | AC59: 46053
A60: 57 | B60: IDMM-120 | C60: AMIL TAJ MUHAMMAD TAJ | D60: 44607 | E60: 44607 | R60: 0 | S60: 0 | T60: 0 | U60: ='2025'!M55 -> 61 | W60: =SUM(P60:T60) -> 0 | X60: =W60/5 -> 0 | Y60: =SUM(30-X60)*AA60 -> 118.84932 | Z60: =AC60-E60 -> 1446 | AA60: =Z60/365 -> 3.9616438 | AB60: =SUM(AC60-D60)/365 -> 3.9616438 | AC60: 46053
A61: 58 | B61: IDMM-118 | C61: SABITH MANAPPATTU NOUSHAD NOUSHAD MANAPPATTU MAJEED | D61: 44593 | E61: 44593 | R61: 0 | S61: 15 | T61: 66 | U61: ='2025'!M56 -> 0 | W61: =SUM(P61:T61) -> 81 | X61: =W61/5 -> 16.2 | Y61: =SUM(30-X61)*AA61 -> 55.2 | Z61: =AC61-E61 -> 1460 | AA61: =Z61/365 -> 4 | AB61: =SUM(AC61-D61)/365 -> 4 | AC61: 46053
A62: 59 | B62: IDMM-119 | C62: JIBEESH KANIYAM KANDI MEETHAL | D62: 44682 | E62: 44682 | R62: 0 | S62: 9 | T62: 0 | U62: ='2025'!M147 -> 0 | W62: =SUM(P62:T62) -> 9 | X62: =W62/5 -> 1.8 | Y62: =SUM(30-X62)*AA62 -> 105.92384 | Z62: =AC62-E62 -> 1371 | AA62: =Z62/365 -> 3.7561644 | AB62: =SUM(AC62-D62)/365 -> 3.7561644 | AC62: 46053
A63: 60 | B63: IDMM-112 | C63: MD SUHAL AHMED MD TAFAZZUL ALI | D63: 44652 | E63: 44652 | R63: 0 | S63: 0 | T63: ='2024'!M74 -> 93 | U63: ='2025'!M57 -> 111 | W63: =SUM(P63:T63) -> 93 | X63: =W63/5 -> 18.6 | Y63: =SUM(30-X63)*AA63 -> 43.75726 | Z63: =AC63-E63 -> 1401 | AA63: =Z63/365 -> 3.8383562 | AB63: =SUM(AC63-D63)/365 -> 3.8383562 | AC63: 46053
A64: 61 | B64: IDMM-110 | C64: MUHAMMED RASHEEQUE NEROM PARAMMAL MUHAMMAD LUKHMAN NEROM PARAMMAL | D64: 44652 | E64: 44708 | R64: 0 | S64: 18 | T64: 47 | U64: ='2025'!M58 -> 8 | V64: ='2026'!M58 -> 23 | W64: =SUM(P64:V64) -> 96 | X64: =W64/3.7 -> 25.945946 | Y64: =SUM(30-X64)*AA64 -> 14.938912 | Z64: =AC64-E64 -> 1345 | AA64: =Z64/365 -> 3.6849315 | AB64: =SUM(AC64-D64)/365 -> 3.8383562 | AC64: 46053
A65: 62 | B65: IDMM-115 | C65: MOTIUR RAHMAN SOHID ULLAH | D65: 44652 | E65: 44652 | R65: 0 | S65: 0 | T65: 64 | U65: ='2025'!M59 -> 0 | W65: =SUM(P65:T65) -> 64 | X65: =W65/5 -> 12.8 | Y65: =SUM(30-X65)*AA65 -> 66.019726 | Z65: =AC65-E65 -> 1401 | AA65: =Z65/365 -> 3.8383562 | AB65: =SUM(AC65-D65)/365 -> 3.8383562 | AC65: 46053
A66: 63 | B66: IDMM-116 | C66: MD MONJURUL ISLAM MD OMAR FARUK | D66: 44652 | E66: 44756 | R66: 0 | S66: 0 | T66: 0 | U66: ='2025'!M60 -> 66 | W66: =SUM(P66:T66) -> 0 | X66: =W66/5 -> 0 | Y66: =SUM(30-X66)*AA66 -> 106.60274 | Z66: =AC66-E66 -> 1297 | AA66: =Z66/365 -> 3.5534247 | AB66: =SUM(AC66-D66)/365 -> 3.8383562 | AC66: 46053
A67: 64 | B67: IDMM-126 | C67: MUHAMMED SHANIR POOCHADIYAN | D67: 44774 | E67: 44774 | R67: 0 | S67: 0 | T67: 60 | U67: ='2025'!M144 -> 0 | W67: =SUM(P67:T67) -> 60 | X67: =W67/2.42 -> 24.793388 | Y67: =SUM(30-X67)*AA67 -> 18.244538 | Z67: =AC67-E67 -> 1279 | AA67: =Z67/365 -> 3.5041096 | AB67: =SUM(AC67-D67)/365 -> 3.5041096 | AC67: 46053
A68: 65 | B68: IDMM-122 | C68: VIKASH KUMAR RAJENDRA KUMAR | D68: 44734 | E68: 44734 | R68: 0 | S68: 0 | T68: 31 | U68: ='2025'!M61 -> 6 | W68: =SUM(P68:U68) -> 37 | X68: =W68/5 -> 7.4 | Y68: =SUM(30-X68)*AA68 -> 87.180274 | Z68: =AC68-E68 -> 1408 | AA68: =Z68/365 -> 3.8575342 | AB68: =SUM(AC68-D68)/365 -> 3.8575342 | AC68: 46142
A69: 66 | B69: IDMM-125 | C69: SADIK ALOM IMAN UDDIN | D69: 44682 | E69: 44774 | R69: 0 | S69: 0 | T69: 61 | U69: ='2025'!M62 -> 91 | W69: =SUM(P69:T69) -> 61 | X69: =W69/5 -> 12.2 | Y69: =SUM(30-X69)*AA69 -> 62.373151 | Z69: =AC69-E69 -> 1279 | AA69: =Z69/365 -> 3.5041096 | AB69: =SUM(AC69-D69)/365 -> 3.7561644 | AC69: 46053
A70: 67 | B70: IDMM-131 | C70: UMESH PAYYAM VALAPPIL | D70: 44805 | E70: 44826 | Q70: 0 | R70: 0 | S70: 0 | T70: 18 | U70: ='2025'!M63 -> 58 | W70: =SUM(P70:U70) -> 76 | X70: =W70/2.36 -> 32.20339 | Y70: =SUM(30-X70)*AA70 -> -7.4070118 | Z70: =AC70-E70 -> 1227 | AA70: =Z70/365 -> 3.3616438 | AB70: =SUM(AC70-D70)/365 -> 3.4191781 | AC70: 46053
A71: 68 | B71: IDMM-106 | C71: MAHADI HASAN ARAFAT | D71: 44513 | E71: 44903 | Q71: 0 | R71: 0 | S71: 0 | T71: 0 | U71: ='2025'!M64 -> 60 | W71: =SUM(P71:T71) -> 0 | X71: =W71/5 -> 0 | Y71: =SUM(30-X71)*AA71 -> 94.520548 | Z71: =AC71-E71 -> 1150 | AA71: =Z71/365 -> 3.1506849 | AB71: =SUM(AC71-D71)/365 -> 4.2191781 | AC71: 46053
A72: 69 | B72: IDMM-138 | C72: MOHAMMED SALIH PEECHI | D72: 44893 | E72: 45005 | Q72: 0 | R72: 0 | S72: 0 | T72: 41 | U72: ='2025'!M146 -> 0 | W72: =SUM(P72:T72) -> 41 | X72: =W72/2.03 -> 20.197044 | Y72: =SUM(30-X72)*AA72 -> 28.146569 | Z72: =AC72-E72 -> 1048 | AA72: =Z72/365 -> 2.8712329 | AB72: =SUM(AC72-D72)/365 -> 3.1780822 | AC72: 46053
A73: 70 | B73: IDMM-137 | C73: SACHIN KANOUJIYA | D73: 44893 | E73: 44931 | Q73: 0 | R73: 0 | S73: 0 | T73: 0 | U73: ='2025'!M65 -> 59 | W73: =SUM(P73:T73) -> 0 | X73: =W73/5 -> 0 | Y73: =SUM(30-X73)*AA73 -> 92.219178 | Z73: =AC73-E73 -> 1122 | AA73: =Z73/365 -> 3.0739726 | AB73: =SUM(AC73-D73)/365 -> 3.1780822 | AC73: 46053
A74: 71 | B74: IDMM-136 | C74: PRAVEEN KUMAR KESHWANI | D74: 44893 | E74: 44931 | Q74: 0 | R74: 0 | S74: 0 | T74: 0 | U74: ='2025'!M66 -> 67 | W74: =SUM(P74:T74) -> 0 | X74: =W74/5 -> 0 | Y74: =SUM(30-X74)*AA74 -> 92.219178 | Z74: =AC74-E74 -> 1122 | AA74: =Z74/365 -> 3.0739726 | AB74: =SUM(AC74-D74)/365 -> 3.1780822 | AC74: 46053
A75: 72 | B75: IDMM-142 | C75: SHEKAR VEMULAWADA GANGANNAVEMULAWADA | D75: 44938 | E75: 44938 | Q75: 0 | R75: 0 | S75: 25 | T75: 0 | U75: ='2025'!M67 -> 79 | W75: =SUM(P75:T75) -> 25 | X75: =W75/5 -> 5 | Y75: =SUM(30-X75)*AA75 -> 76.369863 | Z75: =AC75-E75 -> 1115 | AA75: =Z75/365 -> 3.0547945 | AB75: =SUM(AC75-D75)/365 -> 3.0547945 | AC75: 46053
A76: 73 | B76: IDMM-141 | C76: MAHARAJ HOSSAIN RIFAT MD BAHAR MIA | D76: 44900 | E76: 44900 | Q76: 0 | R76: 0 | S76: 0 | T76: 27 | U76: ='2025'!M68 -> 52 | W76: =SUM(P76:T76) -> 27 | X76: =W76/5 -> 5.4 | Y76: =SUM(30-X76)*AA76 -> 77.709041 | Z76: =AC76-E76 -> 1153 | AA76: =Z76/365 -> 3.1589041 | AB76: =SUM(AC76-D76)/365 -> 3.1589041 | AC76: 46053
A77: 74 | B77: IDMM-144 | C77: FAHIM AHMAD MOHAMMAD YAKOB | D77: 44967 | E77: 45019 | R77: 0 | S77: 17 | T77: 19 | U77: ='2025'!M69 -> 0 | W77: =SUM(P77:T77) -> 36 | X77: =W77/2.98 -> 12.080537 | Y77: =SUM(30-X77)*AA77 -> 53.905673 | Z77: =AC77-E77 -> 1098 | AA77: =Z77/365 -> 3.0082192 | AB77: =SUM(AC77-D77)/365 -> 3.1506849 | AC77: 46117
A78: 75 | B78: IDMM-146 | C78: MUHAMMED YASIR PADINHARE THODI | D78: 45024 | E78: 45068 | R78: 0 | S78: 14 | T78: 0 | U78: ='2025'!M70 -> 19 | W78: =SUM(P78:U78) -> 33 | X78: =W78/5 -> 6.6 | Y78: =SUM(30-X78)*AA78 -> 68.853699 | Z78: =AC78-E78 -> 1074 | AA78: =Z78/365 -> 2.9424658 | AB78: =SUM(AC78-D78)/365 -> 3.0630137 | AC78: 46142
A79: 76 | B79: IDMM-147 | C79: SUNIL KUMAR JAYSWAL | D79: 45031 | E79: 45071 | Q79: 0 | R79: 0 | S79: 0 | T79: 41 | U79: ='2025'!M71 -> 0 | W79: =SUM(P79:T79) -> 41 | X79: =W79/5 -> 8.2 | Y79: =SUM(30-X79)*AA79 -> 58.650959 | Z79: =AC79-E79 -> 982 | AA79: =Z79/365 -> 2.690411 | AB79: =SUM(AC79-D79)/365 -> 2.8 | AC79: 46053
A80: 77 | B80: IDMM-148 | C80: NIJIL CHITTILAPPILLY JOHNSON | D80: 45045 | E80: 45085 | Q80: 0 | R80: 0 | S80: 0 | T80: 0 | U80: ='2025'!M72 -> 0 | W80: =SUM(P80:T80) -> 0 | X80: =W80/5 -> 0 | Y80: =SUM(30-X80)*AA80 -> 79.561644 | Z80: =AC80-E80 -> 968 | AA80: =Z80/365 -> 2.6520548 | AB80: =SUM(AC80-D80)/365 -> 2.7616438 | AC80: 46053
A81: 78 | B81: IDMM-152 | C81: VIJAYASINGAM RAJASINGAM | D81: 45105 | E81: 45105 | Q81: 0 | R81: 0 | S81: 0 | T81: 33 | U81: ='2025'!M73 -> 0 | W81: =SUM(P81:T81) -> 33 | X81: =W81/5 -> 6.6 | Y81: =SUM(30-X81)*AA81 -> 60.77589 | Z81: =AC81-E81 -> 948 | AA81: =Z81/365 -> 2.5972603 | AB81: =SUM(AC81-D81)/365 -> 2.5972603 | AC81: 46053
A82: 79 | B82: IDMM-153 | C82: ZAKARIA AHMED | D82: 45110 | E82: 45110 | Q82: 0 | R82: 0 | S82: 0 | T82: 0 | U82: ='2025'!M74 -> 0 | W82: =SUM(P82:T82) -> 0 | X82: =W82/5 -> 0 | Y82: =SUM(30-X82)*AA82 -> 77.506849 | Z82: =AC82-E82 -> 943 | AA82: =Z82/365 -> 2.5835616 | AB82: =SUM(AC82-D82)/365 -> 2.5835616 | AC82: 46053
A83: 80 | B83: IDMM-151 | C83: PRINCE KANOJIA MANI RAM | D83: 45104 | E83: 45104 | Q83: 0 | R83: 0 | S83: 0 | T83: 0 | U83: ='2025'!M75 -> 0 | W83: =SUM(P83:T83) -> 0 | X83: =W83/5 -> 0 | Y83: =SUM(30-X83)*AA83 -> 78 | Z83: =AC83-E83 -> 949 | AA83: =Z83/365 -> 2.6 | AB83: =SUM(AC83-D83)/365 -> 2.6 | AC83: 46053
A84: 81 | B84: IDMM-157 | C84: KAILASH KUMAR | D84: 45159 | E84: 45203 | Q84: 0 | R84: 0 | S84: 0 | T84: 0 | U84: ='2025'!M76 -> 55 | V84: ='2026'!M76 -> 30 | W84: =SUM(P84:V84) -> 85 | X84: =W84/5 -> 17 | Y84: =SUM(30-X84)*AA84 -> 30.273973 | Z84: =AC84-E84 -> 850 | AA84: =Z84/365 -> 2.3287671 | AB84: =SUM(AC84-D84)/365 -> 2.4493151 | AC84: 46053
A85: 82 | B85: IDMM-156 | C85: PARWEZ ALEM MD ALAM | D85: 45155 | E85: 45155 | Q85: 0 | R85: 0 | S85: 0 | T85: 0 | U85: ='2025'!M77 -> 74 | V85: ='2026'!M77 -> 7 | W85: =SUM(P85:T85) -> 0 | X85: =W85/5 -> 0 | Y85: =SUM(30-X85)*AA85 -> 73.808219 | Z85: =AC85-E85 -> 898 | AA85: =Z85/365 -> 2.460274 | AB85: =SUM(AC85-D85)/365 -> 2.460274 | AC85: 46053
A86: 83 | B86: IDMM-159 | C86: DAL BAHADUR MAGAR | D86: 45224 | E86: 45224 | Q86: 0 | R86: 0 | S86: 0 | T86: 0 | U86: ='2025'!M78 -> 0 | W86: =SUM(P86:T86) -> 0 | X86: =W86/5 -> 0 | Y86: =SUM(30-X86)*AA86 -> 68.136986 | Z86: =AC86-E86 -> 829 | AA86: =Z86/365 -> 2.2712329 | AB86: =SUM(AC86-D86)/365 -> 2.2712329 | AC86: 46053
A87: 84 | B87: IDMM-159 | C87: Pavan Krishna | D87: 45224 | E87: 45224 | U87: ='2025'!M79 -> 0 | AC87: 46053
A88: 85 | B88: IDMM-163 | C88: PRADEEP KUMAR | D88: 45261 | E88: 45261 | Q88: 0 | R88: 0 | S88: 0 | T88: 0 | U88: ='2025'!M80 -> 43 | W88: =SUM(P88:T88) -> 0 | X88: =W88/5 -> 0 | Y88: =SUM(30-X88)*AA88 -> 65.09589 | Z88: =AC88-E88 -> 792 | AA88: =Z88/365 -> 2.169863 | AB88: =SUM(AC88-D88)/365 -> 2.169863 | AC88: 46053
A89: 86 | B89: IDMM-161 | C89: USMAN HUSSAIN | D89: 45253 | E89: 45253 | Q89: 0 | R89: 0 | S89: 0 | T89: 0 | U89: ='2025'!M81 -> 0 | W89: =SUM(P89:T89) -> 0 | X89: =W89/5 -> 0 | Y89: =SUM(30-X89)*AA89 -> 65.753425 | Z89: =AC89-E89 -> 800 | AA89: =Z89/365 -> 2.1917808 | AB89: =SUM(AC89-D89)/365 -> 2.1917808 | AC89: 46053
A90: 87 | B90: IDMM-162 | C90: FAISAL SHAHZAD | D90: 45261 | E90: 45261 | Q90: 0 | R90: 0 | S90: 0 | T90: 0 | U90: ='2025'!M82 -> 0 | W90: =SUM(P90:T90) -> 0 | X90: =W90/5 -> 0 | Y90: =SUM(30-X90)*AA90 -> 65.09589 | Z90: =AC90-E90 -> 792 | AA90: =Z90/365 -> 2.169863 | AB90: =SUM(AC90-D90)/365 -> 2.169863 | AC90: 46053
A91: 88 | B91: IDMM-168 | C91: BADUSHA THAYYIL CHEERAKUZHIYIL | D91: 45330 | E91: 45330 | Q91: 0 | R91: 0 | S91: 0 | T91: 0 | U91: ='2025'!M83 -> 0 | W91: =SUM(P91:T91) -> 0 | X91: =W91/5 -> 0 | Y91: =SUM(30-X91)*AA91 -> 59.424658 | Z91: =AC91-E91 -> 723 | AA91: =Z91/365 -> 1.9808219 | AB91: =SUM(AC91-D91)/365 -> 1.9808219 | AC91: 46053
A92: 89 | C92: MOHAMMAD USMAN | D92: 45329 | E92: 45436 | U92: ='2025'!M84 -> 0 | W92: =SUM(P92:T92) -> 0 | Y92: =SUM(30-X92)*AA92 -> 50.712329 | Z92: =AC92-E92 -> 617 | AA92: =Z92/365 -> 1.690411 | AB92: =SUM(AC92-D92)/365 -> 1.9835616 | AC92: 46053
A93: 90 | B93: IDMM-167 | C93: SUMESH MINIYEDATH | D93: 45325 | E93: 45325 | Q93: 0 | R93: 0 | S93: 0 | T93: 0 | U93: ='2025'!M148 -> 0 | W93: =SUM(P93:T93) -> 0 | X93: =W93/5 -> 0 | Y93: =SUM(30-X93)*AA93 -> 59.835616 | Z93: =AC93-E93 -> 728 | AA93: =Z93/365 -> 1.9945205 | AB93: =SUM(AC93-D93)/365 -> 1.9945205 | AC93: 46053
A94: 91 | B94: IDMM-166 | C94: SAINUL HABID | D94: 45324 | E94: 45385 | Q94: 0 | R94: 0 | S94: 0 | T94: 0 | U94: ='2025'!M85 -> 17 | W94: =SUM(P94:T94) -> 0 | X94: =W94/5 -> 0 | Y94: =SUM(30-X94)*AA94 -> 54.90411 | Z94: =AC94-E94 -> 668 | AA94: =Z94/365 -> 1.830137 | AB94: =SUM(AC94-D94)/365 -> 1.9972603 | AC94: 46053
A95: 92 | B95: IDMM-171 | C95: STOBIN JOHNY | D95: 45362 | E95: 45428 | Q95: 0 | R95: 0 | S95: 0 | T95: 0 | U95: ='2025'!M86 -> 27 | W95: =SUM(P95:T95) -> 0 | X95: =W95/5 -> 0 | Y95: =SUM(30-X95)*AA95 -> 51.369863 | Z95: =AC95-E95 -> 625 | AA95: =Z95/365 -> 1.7123288 | AB95: =SUM(AC95-D95)/365 -> 1.8931507 | AC95: 46053
A96: 93 | B96: IDMM-173 | C96: AJEET GAUTAM | D96: 45371 | E96: 45371 | Q96: 0 | R96: 0 | S96: 0 | T96: 0 | U96: ='2025'!M87 -> 0 | W96: =SUM(P96:T96) -> 0 | X96: =W96/5 -> 0 | Y96: =SUM(30-X96)*AA96 -> 56.054795 | Z96: =AC96-E96 -> 682 | AA96: =Z96/365 -> 1.8684932 | AB96: =SUM(AC96-D96)/365 -> 1.8684932 | AC96: 46053
A97: 94 | B97: IDMM-169 | C97: MAHESH KUMAR CHINTAKINDI | D97: 45357 | E97: 45357 | Q97: 0 | R97: 0 | S97: 0 | T97: 0 | U97: ='2025'!M88 -> 0 | W97: =SUM(P97:T97) -> 0 | X97: =W97/5 -> 0 | Y97: =SUM(30-X97)*AA97 -> 57.205479 | Z97: =AC97-E97 -> 696 | AA97: =Z97/365 -> 1.9068493 | AB97: =SUM(AC97-D97)/365 -> 1.9068493 | AC97: 46053
A98: 95 | B98: IDMM-181 | C98: SHARSHAD VALAPPIL | D98: 45434 | E98: 45434 | Q98: 0 | R98: 0 | S98: 0 | T98: 0 | U98: ='2025'!M89 -> 0 | W98: =SUM(P98:T98) -> 0 | Y98: =SUM(30-X98)*AA98 -> 50.876712 | Z98: =AC98-E98 -> 619 | AA98: =Z98/365 -> 1.6958904 | AB98: =SUM(AC98-D98)/365 -> 1.6958904 | AC98: 46053
A99: 96 | B99: IDMM-170 | C99: MOIDUL ALOM BARBHUYAN | D99: 45360 | E99: 45360 | Q99: 0 | R99: 0 | S99: 0 | T99: 0 | U99: ='2025'!M90 -> 0 | W99: =SUM(P99:T99) -> 0 | X99: =W99/5 -> 0 | Y99: =SUM(30-X99)*AA99 -> 56.958904 | Z99: =AC99-E99 -> 693 | AA99: =Z99/365 -> 1.8986301 | AB99: =SUM(AC99-D99)/365 -> 1.8986301 | AC99: 46053
A100: 97 | B100: IDMM-179 | C100: MANJEET JAISAWAL | D100: 45432 | E100: 45432 | Q100: 0 | R100: 0 | S100: 0 | T100: 0 | U100: ='2025'!M91 -> 0 | W100: =SUM(P100:T100) -> 0 | Y100: =SUM(30-X100)*AA100 -> 51.041096 | Z100: =AC100-E100 -> 621 | AA100: =Z100/365 -> 1.7013699 | AB100: =SUM(AC100-D100)/365 -> 1.7013699 | AC100: 46053
...

Sheet 2026
A1: SI NO | B1: STAFF NAME | C1: JOINING DATE | D1: 1ST LEAVE | F1: 2ND LEAVE | H1: 3RD LEAVE | J1: 1 | K1: 2 | L1: 3 | M1: TOTAL | N1: Remarks
A2: 1 | B2: KANTESH GAGAN DAS NIHALACHANDANI | C2: 39295 | D2: 46056 | E2: 46058 | J2: =E2-D2 -> 2 | K2: =G2-F2 -> 0 | L2: =I2-H2 -> 0 | M2: =J2+K2+L2 -> 2
A3: 2 | B3: PAWAN JAIKISHIN KOTAI | C3: 41883 | D3: 46072 | E3: 46086 | J3: =E3-D3 -> 14 | K3: =G3-F3 -> 0 | L3: =I3-H3 -> 0 | M3: =J3+K3+L3 -> 14
A4: 3 | B4: SANDEEP PULLANCHIODAN RAMATH SURENDRAN KURINHERI | C4: 42740 | J4: =E4-D4 -> 0 | K4: =G4-F4 -> 0 | L4: =I4-H4 -> 0 | M4: =J4+K4+L4 -> 0
A5: 4 | B5: AMAL SID | C5: 44762 | D5: 46023 | E5: 46053 | J5: =E5-D5 -> 30 | K5: =G5-F5 -> 0 | L5: =I5-H5 -> 0 | M5: =J5+K5+L5 -> 30
A6: 5 | B6: Nainika Girish | C6: 45658 | J6: =E6-D6 -> 0 | K6: =G6-F6 -> 0 | L6: =I6-H6 -> 0 | M6: =J6+K6+L6 -> 0
A7: 6 | B7: ADARSH VERNEKAR | C7: 45301 | J7: =E7-D7 -> 0 | K7: =G7-F7 -> 0 | L7: =I7-H7 -> 0 | M7: =J7+K7+L7 -> 0
A8: 7 | B8: MELVIN THOMAS | C8: 45432 | D8: 46054 | E8: 46068 | J8: =E8-D8 -> 14 | K8: =G8-F8 -> 0 | L8: =I8-H8 -> 0 | M8: =J8+K8+L8 -> 14
A9: 8 | B9: SANJAY MICHUMAL PUNJABI | C9: 39083 | D9: 46077 | E9: 46084 | J9: =E9-D9 -> 7 | K9: =G9-F9 -> 0 | L9: =I9-H9 -> 0 | M9: =J9+K9+L9 -> 7
A10: 9 | B10: UMAIR RIAZ MUHAMMAD RIAZ SHOUQ | C10: 41852 | J10: =E10-D10 -> 0 | K10: =G10-F10 -> 0 | L10: =I10-H10 -> 0 | M10: =J10+K10+L10 -> 0
A11: 10 | B11: MAHESH CHAINANI RAMCHAND | C11: 39083 | J11: =E11-D11 -> 0 | K11: =G11-F11 -> 0 | L11: =I11-H11 -> 0 | M11: =J11+K11+L11 -> 0
A12: 11 | B12: JITESH CHAWLA | C12: 39083 | J12: =E12-D12 -> 0 | K12: =G12-F12 -> 0 | L12: =I12-H12 -> 0 | M12: =J12+K12+L12 -> 0
A13: 12 | B13: VIJAY KUMAR ASHOK KUMAR | C13: 39142 | J13: =E13-D13 -> 0 | K13: =G13-F13 -> 0 | L13: =I13-H13 -> 0 | M13: =J13+K13+L13 -> 0
A14: 13 | B14: ASHFAQ MUHAMMAD AHAMED | C14: 42036 | D14: 46072 | E14: 46086 | J14: =E14-D14 -> 14 | K14: =G14-F14 -> 0 | L14: =I14-H14 -> 0 | M14: =J14+K14+L14 -> 14
A15: 14 | B15: GAURAV NATHANI SANTOSH NATHANI | C15: 44317 | J15: =E15-D15 -> 0 | K15: =G15-F15 -> 0 | L15: =I15-H15 -> 0 | M15: =J15+K15+L15 -> 0
A16: 15 | B16: NISHITH SURENDRAN NATHAN KAVIL VADAKKE VEETIL SURENDRAN KUNIYIL | C16: 39083 | J16: =E16-D16 -> 0 | K16: =G16-F16 -> 0 | L16: =I16-H16 -> 0 | M16: =J16+K16+L16 -> 0
A17: 16 | B17: ASLAMBHAI ARIFBHAI SHEIKH SHEIKH ARIFBHI MEHMOODBHAI | C17: 41334 | J17: =E17-D17 -> 0 | K17: =G17-F17 -> 0 | L17: =I17-H17 -> 0 | M17: =J17+K17+L17 -> 0
A18: 17 | B18: PRAVEEN KUMAR PERIYADAN KADINHIPALLY | C18: 40483 | J18: =E18-D18 -> 0 | K18: =G18-F18 -> 0 | L18: =I18-H18 -> 0 | M18: =J18+K18+L18 -> 0
A19: 18 | B19: DEEPAK PUSHPAN PUSHPANGANGADHARAN | C19: 44652 | J19: =E19-D19 -> 0 | K19: =G19-F19 -> 0 | L19: =I19-H19 -> 0 | M19: =J19+K19+L19 -> 0
A20: 19 | B20: JITHIN PANDIYATH RAJAN PANDIYATH RAMAN RAJAN | C20: 44652 | J20: =E20-D20 -> 0 | K20: =G20-F20 -> 0 | L20: =I20-H20 -> 0 | M20: =J20+K20+L20 -> 0
A21: 20 | B21: PRAMOD POINACHI KUNHI RAMAN POINACHI | C21: 44652 | J21: =E21-D21 -> 0 | K21: =G21-F21 -> 0 | L21: =I21-H21 -> 0 | M21: =J21+K21+L21 -> 0
A22: 21 | B22: PRABHAKAR PONNAM ANJAIAH PONNAM | C22: 41244 | J22: =E22-D22 -> 0 | K22: =G22-F22 -> 0 | L22: =I22-H22 -> 0 | M22: =J22+K22+L22 -> 0
A23: 22 | B23: GANGARAJAM BAKKAIAH ODNALA | C23: 41913 | J23: =E23-D23 -> 0 | K23: =G23-F23 -> 0 | L23: =I23-H23 -> 0 | M23: =J23+K23+L23 -> 0
A24: 23 | B24: MOHAMMED JABID MOIDU KUNHI | C24: 41760 | J24: =E24-D24 -> 0 | K24: =G24-F24 -> 0 | L24: =I24-H24 -> 0 | M24: =J24+K24+L24 -> 0
A25: 24 | B25: ARUN KANNOTHIL MANIKANDAN KANNOTHIL | C25: 40878 | J25: =E25-D25 -> 0 | K25: =G25-F25 -> 0 | L25: =I25-H25 -> 0 | M25: =J25+K25+L25 -> 0
A26: 25 | B26: PARAMESH CHANDRAIAH NASPURI CHANDRAIAH POSANNA NASPURI | C26: 42522 | J26: =E26-D26 -> 0 | K26: =G26-F26 -> 0 | L26: =I26-H26 -> 0 | M26: =J26+K26+L26 -> 0
... A49: 48 | B49: MEHBOOB ALOM MOULANA ABUL KALAM | C49: 44409 | J49: =E49-D49 -> 0 | K49: =G49-F49 -> 0 | L49: =I49-H49 -> 0 | M49: =J49+K49+L49 -> 0
A50: 49 | B50: MOHAMMAD REAZ UDDIN MOHAMMAD DULAL MIA | C50: 44378 | D50: 46023 | E50: 46069 | J50: =E50-D50 -> 46 | K50: =G50-F50 -> 0 | L50: =I50-H50 -> 0 | M50: =J50+K50+L50 -> 46
A51: 50 | B51: FIRDUS ALOM TALUKDAR MOKTAR UDDIN TALUKDAR | C51: 44470 | J51: =E51-D51 -> 0 | K51: =G51-F51 -> 0 | L51: =I51-H51 -> 0 | M51: =J51+K51+L51 -> 0
A52: 51 | B52: BISWAJIT DEB BIKASH DEB | C52: 44470 | J52: =E52-D52 -> 0 | K52: =G52-F52 -> 0 | L52: =I52-H52 -> 0 | M52: =J52+K52+L52 -> 0
A53: 52 | B53: SHAMIL NISATH SULAIMAN SYED SULAIMAN | C53: 44470 | J53: =E53-D53 -> 0 | K53: =G53-F53 -> 0 | L53: =I53-H53 -> 0 | M53: =J53+K53+L53 -> 0
A54: 53 | B54: SUDHIR KUMAR SUBEDAR | C54: 44470 | J54: =E54-D54 -> 0 | K54: =G54-F54 -> 0 | L54: =I54-H54 -> 0 | M54: =J54+K54+L54 -> 0
A55: 54 | B55: AMIL TAJ MUHAMMAD TAJ | C55: 44607 | J55: =E55-D55 -> 0 | K55: =G55-F55 -> 0 | L55: =I55-H55 -> 0 | M55: =J55+K55+L55 -> 0
A56: 55 | B56: SABITH MANAPPATTU NOUSHAD NOUSHAD MANAPPATTU MAJEED | C56: 44593 | J56: =E56-D56 -> 0 | K56: =G56-F56 -> 0 | L56: =I56-H56 -> 0 | M56: =J56+K56+L56 -> 0
A57: 56 | B57: MD SUHAL AHMED MD TAFAZZUL ALI | C57: 44652 | J57: =E57-D57 -> 0 | K57: =G57-F57 -> 0 | L57: =I57-H57 -> 0 | M57: =J57+K57+L57 -> 0
A58: 57 | B58: MUHAMMED RASHEEQUE NEROM PARAMMAL MUHAMMAD LUKHMAN NEROM PARAMMAL | C58: 44652 | D58: 46030 | E58: 46053 | J58: =E58-D58 -> 23 | K58: =G58-F58 -> 0 | L58: =I58-H58 -> 0 | M58: =J58+K58+L58 -> 23
A59: 58 | B59: MOTIUR RAHMAN SOHID ULLAH | C59: 44652 | J59: =E59-D59 -> 0 | K59: =G59-F59 -> 0 | L59: =I59-H59 -> 0 | M59: =J59+K59+L59 -> 0
A60: 59 | B60: MD MONJURUL ISLAM MD OMAR FARUK | C60: 44652 | J60: =E60-D60 -> 0 | K60: =G60-F60 -> 0 | L60: =I60-H60 -> 0 | M60: =J60+K60+L60 -> 0
A61: 60 | B61: VIKASH KUMAR RAJENDRA KUMAR | C61: 44734 | J61: =E61-D61 -> 0 | K61: =G61-F61 -> 0 | L61: =I61-H61 -> 0 | M61: =J61+K61+L61 -> 0
A62: 61 | B62: SADIK ALOM IMAN UDDIN | C62: 44682 | J62: 0 | K62: =G62-F62 -> 0 | L62: =I62-H62 -> 0 | M62: 0
A63: 62 | B63: UMESH PAYYAM VALAPPIL | C63: 44805 | J63: =E62-D62 -> 0 | K63: =G63-F63 -> 0 | L63: =I63-H63 -> 0 | M63: =J63+K63+L63 -> 0
A64: 63 | B64: MAHADI HASAN ARAFAT | C64: 44513 | J64: =E64-D64 -> 0 | K64: =G64-F64 -> 0 | L64: =I64-H64 -> 0 | M64: =J64+K64+L64 -> 0
A65: 64 | B65: SACHIN KANOUJIYA | C65: 44893 | J65: =E65-D65 -> 0 | K65: =G65-F65 -> 0 | L65: =I65-H65 -> 0 | M65: =J65+K65+L65 -> 0
A66: 65 | B66: PRAVEEN KUMAR KESHWANI | C66: 44893 | J66: =E66-D66 -> 0 | K66: =G66-F66 -> 0 | L66: =I66-H66 -> 0 | M66: =J66+K66+L66 -> 0
A67: 66 | B67: SHEKAR VEMULAWADA GANGANNAVEMULAWADA | C67: 44938 | J67: =E67-D67 -> 0 | K67: =G67-F67 -> 0 | L67: =I67-H67 -> 0 | M67: =J67+K67+L67 -> 0
A68: 67 | B68: MAHARAJ HOSSAIN RIFAT MD BAHAR MIA | C68: 44900 | J68: =E68-D68 -> 0 | K68: =G68-F68 -> 0 | L68: =I68-H68 -> 0 | M68: =J68+K68+L68 -> 0
A69: 68 | B69: FAHIM AHMAD MOHAMMAD YAKOB | C69: 44967 | J69: =E69-D69 -> 0 | K69: =G69-F69 -> 0 | L69: =I69-H69 -> 0 | M69: =J69+K69+L69 -> 0
A70: 69 | B70: MUHAMMED YASIR PADINHARE THODI | C70: 45024 | J70: =E70-D70 -> 0 | K70: =G70-F70 -> 0 | L70: =I70-H70 -> 0 | M70: =J70+K70+L70 -> 0
A71: 70 | B71: SUNIL KUMAR JAYSWAL | C71: 45031 | J71: =E71-D71 -> 0 | K71: =G71-F71 -> 0 | L71: =I71-H71 -> 0 | M71: =J71+K71+L71 -> 0
A72: 71 | B72: NIJIL CHITTILAPPILLY JOHNSON | C72: 45045 | J72: =E72-D72 -> 0 | K72: =G72-F72 -> 0 | L72: =I72-H72 -> 0 | M72: =J72+K72+L72 -> 0
A73: 72 | B73: VIJAYASINGAM RAJASINGAM | C73: 45105 | J73: =E73-D73 -> 0 | K73: =G73-F73 -> 0 | L73: =I73-H73 -> 0 | M73: =J73+K73+L73 -> 0
A74: 73 | B74: ZAKARIA AHMED | C74: 45110 | J74: =E74-D74 -> 0 | K74: =G74-F74 -> 0 | L74: =I74-H74 -> 0 | M74: =J74+K74+L74 -> 0
A75: 74 | B75: PRINCE KANOJIA MANI RAM | C75: 45104 | J75: =E75-D75 -> 0 | K75: =G75-F75 -> 0 | L75: =I75-H75 -> 0 | M75: =J75+K75+L75 -> 0
A76: 75 | B76: KAILASH KUMAR | C76: 45159 | D76: 46023 | E76: 46053 | J76: =E76-D76 -> 30 | K76: =G76-F76 -> 0 | L76: =I76-H76 -> 0 | M76: =J76+K76+L76 -> 30
A77: 76 | B77: PARWEZ ALEM MD ALAM | C77: 45155 | D77: 46023 | E77: 46030 | J77: =E77-D77 -> 7 | K77: =G77-F77 -> 0 | L77: =I77-H77 -> 0 | M77: =J77+K77+L77 -> 7
A78: 77 | B78: DAL BAHADUR MAGAR | C78: 45224 | J78: =E78-D78 -> 0 | K78: =G78-F78 -> 0 | L78: =I78-H78 -> 0 | M78: =J78+K78+L78 -> 0
A79: 78 | B79: Pavan Krishna | C79: 45224 | J79: =E79-D79 -> 0 | K79: =G79-F79 -> 0 | L79: =I79-H79 -> 0 | M79: =J79+K79+L79 -> 0
A80: 79 | B80: PRADEEP KUMAR | C80: 45261 | J80: =E80-D80 -> 0 | K80: =G80-F80 -> 0 | L80: =I80-H80 -> 0 | M80: =J80+K80+L80 -> 0
A81: 80 | B81: USMAN HUSSAIN | C81: 45253 | J81: =E81-D81 -> 0 | K81: =G81-F81 -> 0 | L81: =I81-H81 -> 0 | M81: =J81+K81+L81 -> 0
A82: 81 | B82: FAISAL SHAHZAD | C82: 45261 | J82: =E82-D82 -> 0 | K82: =G82-F82 -> 0 | L82: =I82-H82 -> 0 | M82: =J82+K82+L82 -> 0
A83: 82 | B83: BADUSHA THAYYIL CHEERAKUZHIYIL | C83: 45330 | J83: =E83-D83 -> 0 | K83: =G83-F83 -> 0 | L83: =I83-H83 -> 0 | M83: =J83+K83+L83 -> 0
A84: 83 | B84: MOHAMMAD USMAN | C84: 45329 | J84: =E84-D84 -> 0 | K84: =G84-F84 -> 0 | L84: =I84-H84 -> 0 | M84: =J84+K84+L84 -> 0
A85: 84 | B85: SAINUL HABID | C85: 45324 | J85: =E85-D85 -> 0 | K85: =G85-F85 -> 0 | L85: =I85-H85 -> 0 | M85: =J85+K85+L85 -> 0
A86: 85 | B86: STOBIN JOHNY | C86: 45362 | J86: =E86-D86 -> 0 | K86: =G86-F86 -> 0 | L86: =I86-H86 -> 0 | M86: =J86+K86+L86 -> 0
A87: 86 | B87: AJEET GAUTAM | C87: 45371 | J87: =E87-D87 -> 0 | K87: =G87-F87 -> 0 | L87: =I87-H87 -> 0 | M87: =J87+K87+L87 -> 0
A88: 87 | B88: MAHESH KUMAR CHINTAKINDI | C88: 45357 | J88: =E88-D88 -> 0 | K88: =G88-F88 -> 0 | L88: =I88-H88 -> 0 | M88: =J88+K88+L88 -> 0
A89: 88 | B89: SHARSHAD VALAPPIL | C89: 45434 | J89: =E89-D89 -> 0 | K89: =G89-F89 -> 0 | L89: =I89-H89 -> 0 | M89: =J89+K89+L89 -> 0
... A91: 90 | B91: MANJEET JAISAWAL | C91: 45432 | J91: =E91-D91 -> 0 | K91: =G91-F91 -> 0 | L91: =I91-H91 -> 0 | M91: =J91+K91+L91 -> 0
A92: 91 | B92: Mohamed Shajahan | C92: 45448 | J92: 0 | K92: =G92-F92 -> 0 | L92: =I92-H92 -> 0 | M92: 0
A93: 92 | B93: SARATH KUMAR RAVEENDRAN PILLAI SHYLAJA | C93: 45421 | J93: =E93-D93 -> 0 | K93: =G93-F93 -> 0 | L93: =I93-H93 -> 0 | M93: =J93+K93+L93 -> 0
A94: 93 | B94: Habibur Rahman | C94: 45560 | J94: =E94-D94 -> 0 | K94: =G94-F94 -> 0 | L94: =I94-H94 -> 0 | M94: =J94+K94+L94 -> 0
A95: 94 | B95: DEVID SHARMAN | C95: 45570 | J95: =E95-D95 -> 0 | K95: =G95-F95 -> 0 | L95: =I95-H95 -> 0 | M95: =J95+K95+L95 -> 0
A96: 95 | B96: ZAFAR IQBAL MOHAMMAD AZIIZ KHAN | C96: 39083 | J96: =E96-D96 -> 0 | K96: =G96-F96 -> 0 | L96: =I96-H96 -> 0 | M96: =J96+K96+L96 -> 0
A97: 96 | B97: BASHARAT AHMAD AHMAD ULLAH KHAN | C97: 39083 | J97: =E97-D97 -> 0 | K97: =G97-F97 -> 0 | L97: =I97-H97 -> 0 | M97: =J97+K97+L97 -> 0
A98: 97 | B98: MUHAMMAD NASIR TAJ MUHAMMAD TAJ | C98: 39083 | J98: =E98-D98 -> 0 | K98: =G98-F98 -> 0 | L98: =I98-H98 -> 0 | M98: =J98+K98+L98 -> 0
A99: 98 | B99: RAMEEZ ZAFAR ZAFAR IQBAL | C99: 40940 | J99: =E99-D99 -> 0 | K99: =G99-F99 -> 0 | L99: =I99-H99 -> 0 | M99: =J99+K99+L99 -> 0
A100: 99 | B100: MOHSIN BASHIR SARDAR MUHANNAD BASHIR KHAN | C100: 40848 | J100: =E100-D100 -> 0 | K100: =G100-F100 -> 0 | L100: =I100-H100 -> 0 | M100: =J100+K100+L100 -> 0
A101: 100 | B101: MUHAMMAD QAMAR UZ ZAMAN MUHAMMAD ZAFAR KHAN NEW DRIVER | C101: 39173 | J101: =E101-D101 -> 0 | K101: =G101-F101 -> 0 | L101: =I101-H101 -> 0 | M101: =J101+K101+L101 -> 0
A102: 101 | B102: MANOJ GEORGE GEORGE POOPPANA THOMAS | C102: 44105 | J102: =E102-D102 -> 0 | K102: =G102-F102 -> 0 | L102: =I102-H102 -> 0 | M102: =J102+K102+L102 -> 0
A103: 102 | B103: MUHAMMAD FAISAL NAEEM | C103: 44378 | J103: =E103-D103 -> 0 | K103: =G103-F103 -> 0 | L103: =I103-H103 -> 0 | M103: =J103+K103+L103 -> 0
A104: 103 | B104: Tayyab Akram | C104: 45068 | J104: =E104-D104 -> 0 | K104: =G104-F104 -> 0 | L104: =I104-H104 -> 0 | M104: =J104+K104+L104 -> 0
A105: 104 | B105: RAJESH KANAKKODIKANDARI RAVUNNI KUTTY PANEZHIMUNDAKKAL | C105: 39083 | J105: =E105-D105 -> 0 | K105: =G105-F105 -> 0 | L105: =I105-H105 -> 0 | M105: =J105+K105+L105 -> 0
A106: 105 | B106: PRAMOD KUMARAN VATTAKKANDATHIL | C106: 40544 | D106: 46068 | E106: 46069 | J106: =E106-D106 -> 1 | K106: =G106-F106 -> 0 | L106: =I106-H106 -> 0 | M106: =J106+K106+L106 -> 1
A107: 106 | B107: JAGEESH PANDIKA THARAMMAL JAYARAJAN PANDIKA THARAMMAL | C107: 39083 | J107: =E107-D107 -> 0 | K107: =G107-F107 -> 0 | L107: =I107-H107 -> 0 | M107: =J107+K107+L107 -> 0
A108: 107 | B108: RAHUL ARIMBOOTH RAMANAN ARIMBOOTH | C108: 40544 | J108: =E108-D108 -> 0 | K108: =G108-F108 -> 0 | L108: =I108-H108 -> 0 | M108: =J108+K108+L108 -> 0
A109: 108 | B109: MAHTAB AHMED MAROOF MUHAMMAD MARROF S/C NEW | C109: 41456 | J109: =E109-D109 -> 0 | K109: =G109-F109 -> 0 | L109: =I109-H109 -> 0 | M109: =J109+K109+L109 -> 0
A110: 109 | B110: RAJMOHAN KANAKKAZHI KANDARI RAVUNNIKUTTY NAIR PANAZHIMUNDAKKAL | C110: 44172 | J110: =E110-D110 -> 0 | K110: =G110-F110 -> 0 | L110: =I110-H110 -> 0 | M110: =J110+K110+L110 -> 0
A111: 110 | B111: PASSANG TAMANG | C111: 40210 | J111: =E111-D111 -> 0 | K111: =G111-F111 -> 0 | L111: =I111-H111 -> 0 | M111: =J111+K111+L111 -> 0
A112: 111 | B112: VAHAB KOYAKUTTY | C112: 44713 | J112: =E112-D112 -> 0 | K112: =G112-F112 -> 0 | L112: =I112-H112 -> 0 | M112: =J112+K112+L112 -> 0
A113: 112 | B113: HASEEB FIAZ MUHAMMAD FIAZ | C113: 44817 | J113: =E113-D113 -> 0 | K113: =G113-F113 -> 0 | L113: =I113-H113 -> 0 | M113: =J113+K113+L113 -> 0
A114: 113 | B114: ADEEB FIAZ MUHAMMAD FIAZ | C114: 44900 | J114: =E114-D114 -> 0 | K114: =G114-F114 -> 0 | L114: =I114-H114 -> 0 | M114: =J114+K114+L114 -> 0
A115: 114 | B115: MANNAN MAINDUDDIN | C115: 45054 | J115: =E115-D115 -> 0 | K115: =G115-F115 -> 0 | L115: =I115-H115 -> 0 | M115: =J115+K115+L115 -> 0
A116: 115 | B116: SURESH NARSAIAH KHOICHERLA | C116: 45201 | J116: =E116-D116 -> 0 | K116: =G116-F116 -> 0 | L116: =I116-H116 -> 0 | M116: =J116+K116+L116 -> 0
A117: 116 | B117: ROHIT NATHANI | C117: 45280 | J117: =E117-D117 -> 0 | K117: =G117-F117 -> 0 | L117: =I117-H117 -> 0 | M117: =J117+K117+L117 -> 0
A118: 117 | B118: KRISHNA GAUTAM | C118: 42856 | J118: =E118-D118 -> 0 | K118: =G118-F118 -> 0 | L118: =I118-H118 -> 0 | M118: =J118+K118+L118 -> 0
... A122: 121 | B122: MUHAMMAD FARYAD MUHAMMED KHAN | C122: 41609 | J122: =E122-D122 -> 0 | K122: =G122-F122 -> 0 | L122: =I122-H122 -> 0 | M122: =J122+K122+L122 -> 0
A123: 122 | B123: SRINIVAS GUNDARAPU GUDARAPU BALAIAH | C123: 39083 | D123: 46023 | E123: 46030 | J123: =E123-D123 -> 7 | K123: =G123-F123 -> 0 | L123: =I123-H123 -> 0 | M123: =J123+K123+L123 -> 7
A124: 123 | B124: MUHAMMAD NADEEM KAFEEL MUHAMMAD KAFEEL KHAN | C124: 39083 | J124: =E124-D124 -> 0 | K124: =G124-F124 -> 0 | L124: =I124-H124 -> 0 | M124: =J124+K124+L124 -> 0
A125: 124 | B125: MUHAMMAD ISHTIAQ MUHAMMAD AKBAR | C125: 39326 | J125: =E125-D125 -> 0 | K125: =G125-F125 -> 0 | L125: =I125-H125 -> 0 | M125: =J125+K125+L125 -> 0
A126: 125 | B126: MUHAMMAD MAHTAB MUHAMMAD IRSHAD NEW W/H STAFF | C126: 39783 | J126: =E126-D126 -> 0 | K126: =G126-F126 -> 0 | L126: =I126-H126 -> 0 | M126: =J126+K126+L126 -> 0
...

Sheet 2025
A1: SI NO | B1: STAFF NAME | C1: JOINING DATE | D1: 1ST LEAVE | F1: 2ND LEAVE | H1: 3RD LEAVE | J1: 1 | K1: 2 | L1: 3 | M1: TOTAL | N1: Remarks
A2: 1 | B2: KANTESH GAGAN DAS NIHALACHANDANI | C2: 39295 | D2: 45699 | E2: 45704 | F2: 45865 | G2: 45886 | J2: =E2-D2 -> 5 | K2: =G2-F2 -> 21 | L2: =I2-H2 -> 0 | M2: =J2+K2+L2 -> 26
A3: 2 | B3: PAWAN JAIKISHIN KOTAI | C3: 41883 | D3: 45778 | E3: 45802 | J3: =E3-D3 -> 24 | K3: =G3-F3 -> 0 | L3: =I3-H3 -> 0 | M3: =J3+K3+L3 -> 24
A4: 3 | B4: SANDEEP PULLANCHIODAN RAMATH SURENDRAN KURINHERI | C4: 42740 | D4: 45708 | E4: 45718 | J4: =E4-D4 -> 10 | K4: =G4-F4 -> 0 | L4: =I4-H4 -> 0 | M4: =J4+K4+L4 -> 10
A5: 4 | B5: AMAL SID | C5: 44762 | D5: 46016 | E5: 46022 | J5: =E5-D5 -> 6 | K5: =G5-F5 -> 0 | L5: =I5-H5 -> 0 | M5: =J5+K5+L5 -> 6
A6: 5 | B6: Nainika Girish | C6: 45658 | J6: =E6-D6 -> 0 | K6: =G6-F6 -> 0 | L6: =I6-H6 -> 0 | M6: =J6+K6+L6 -> 0
A7: 6 | B7: ADARSH VERNEKAR | C7: 45301 | D7: 45927 | E7: 45955 | J7: =E7-D7 -> 28 | K7: =G7-F7 -> 0 | L7: =I7-H7 -> 0 | M7: =J7+K7+L7 -> 28
A8: 7 | B8: MELVIN THOMAS | C8: 45432 | J8: =E8-D8 -> 0 | K8: =G8-F8 -> 0 | L8: =I8-H8 -> 0 | M8: =J8+K8+L8 -> 0
A9: 8 | B9: SANJAY MICHUMAL PUNJABI | C9: 39083 | J9: =E9-D9 -> 0 | K9: =G9-F9 -> 0 | L9: =I9-H9 -> 0 | M9: =J9+K9+L9 -> 0
A10: 9 | B10: UMAIR RIAZ MUHAMMAD RIAZ SHOUQ | C10: 41852 | J10: =E10-D10 -> 0 | K10: =G10-F10 -> 0 | L10: =I10-H10 -> 0 | M10: =J10+K10+L10 -> 0
A11: 10 | B11: MAHESH CHAINANI RAMCHAND | C11: 39083 | D11: 45658 | E11: 45659 | F11: 45834 | G11: 45848 | J11: =E11-D11 -> 1 | K11: =G11-F11 -> 14 | L11: =I11-H11 -> 0 | M11: =J11+K11+L11 -> 15
A12: 11 | B12: JITESH CHAWLA | C12: 39083 | D12: 45853 | E12: 45861 | F12: 45897 | G12: 45909 | J12: =E12-D12 -> 8 | K12: =G12-F12 -> 12 | L12: =I12-H12 -> 0 | M12: =J12+K12+L12 -> 20
A13: 12 | B13: VIJAY KUMAR ASHOK KUMAR | C13: 39142 | D13: 45975 | E13: 45979 | J13: =E13-D13 -> 4 | K13: =G13-F13 -> 0 | L13: =I13-H13 -> 0 | M13: =J13+K13+L13 -> 4
A14: 13 | B14: ASHFAQ MUHAMMAD AHAMED | C14: 42036 | J14: =E14-D14 -> 0 | K14: =G14-F14 -> 0 | L14: =I14-H14 -> 0 | M14: =J14+K14+L14 -> 0
A15: 14 | B15: GAURAV NATHANI SANTOSH NATHANI | C15: 44317 | J15: =E15-D15 -> 0 | K15: =G15-F15 -> 0 | L15: =I15-H15 -> 0 | M15: =J15+K15+L15 -> 0
A16: 15 | B16: NISHITH SURENDRAN NATHAN KAVIL VADAKKE VEETIL SURENDRAN KUNIYIL | C16: 39083 | J16: =E16-D16 -> 0 | K16: =G16-F16 -> 0 | L16: =I16-H16 -> 0 | M16: =J16+K16+L16 -> 0
A17: 16 | B17: ASLAMBHAI ARIFBHAI SHEIKH SHEIKH ARIFBHI MEHMOODBHAI | C17: 41334 | J17: =E17-D17 -> 0 | K17: =G17-F17 -> 0 | L17: =I17-H17 -> 0 | M17: =J17+K17+L17 -> 0
A18: 17 | B18: PRAVEEN KUMAR PERIYADAN KADINHIPALLY | C18: 40483 | J18: =E18-D18 -> 0 | K18: =G18-F18 -> 0 | L18: =I18-H18 -> 0 | M18: =J18+K18+L18 -> 0
A19: 18 | B19: DEEPAK PUSHPAN PUSHPANGANGADHARAN | C19: 44652 | D19: 45673 | E19: 45690 | J19: =E19-D19 -> 17 | K19: =G19-F19 -> 0 | L19: =I19-H19 -> 0 | M19: =J19+K19+L19 -> 17
A20: 19 | B20: JITHIN PANDIYATH RAJAN PANDIYATH RAMAN RAJAN | C20: 44652 | D20: 45756 | E20: 45777 | J20: =E20-D20 -> 21 | K20: =G20-F20 -> 0 | L20: =I20-H20 -> 0 | M20: =J20+K20+L20 -> 21
A21: 20 | B21: PRAMOD POINACHI KUNHI RAMAN POINACHI | C21: 44652 | J21: =E21-D21 -> 0 | K21: =G21-F21 -> 0 | L21: =I21-H21 -> 0 | M21: =J21+K21+L21 -> 0
A22: 21 | B22: PRABHAKAR PONNAM ANJAIAH PONNAM | C22: 41244 | D22: 45780 | E22: 45826 | J22: =E22-D22 -> 46 | K22: =G22-F22 -> 0 | L22: =I22-H22 -> 0 | M22: =J22+K22+L22 -> 46
A23: 22 | B23: GANGARAJAM BAKKAIAH ODNALA | C23: 41913 | D23: 45761 | E23: 45770 | J23: =E23-D23 -> 9 | K23: =G23-F23 -> 0 | L23: =I23-H23 -> 0 | M23: =J23+K23+L23 -> 9
A24: 23 | B24: MOHAMMED JABID MOIDU KUNHI | C24: 41760 | D24: 45680 | E24: 45688 | J24: =E24-D24 -> 8 | K24: =G24-F24 -> 0 | L24: =I24-H24 -> 0 | M24: =J24+K24+L24 -> 8
A25: 24 | B25: ARUN KANNOTHIL MANIKANDAN KANNOTHIL | C25: 40878 | J25: =E25-D25 -> 0 | K25: =G25-F25 -> 0 | L25: =I25-H25 -> 0 | M25: =J25+K25+L25 -> 0
A26: 25 | B26: PARAMESH CHANDRAIAH NASPURI CHANDRAIAH POSANNA NASPURI | C26: 42522 | D26: 45759 | E26: 45840 | J26: =E26-D26 -> 81 | K26: =G26-F26 -> 0 | L26: =I26-H26 -> 0 | M26: =J26+K26+L26 -> 81
A27: 26 | B27: MUHAMMAD SABIR MUHAMMAD SAEED | C27: 42675 | D27: 45798 | E27: 45839 | J27: =E27-D27 -> 41 | K27: =G27-F27 -> 0 | L27: =I27-H27 -> 0 | M27: =J27+K27+L27 -> 41
A28: 27 | B28: SUNIL KUMAR RAM JIVAN | C28: 42948 | J28: =E28-D28 -> 0 | K28: =G28-F28 -> 0 | L28: =I28-H28 -> 0 | M28: =J28+K28+L28 -> 0
A29: 28 | B29: AKASH RAVINDRA TAMBEKAR RAVINDRA PANDURAG TAMBEKAR | C29: 42979 | D29: 45785 | E29: 45817 | J29: =E29-D29 -> 32 | K29: =G29-F29 -> 0 | L29: =I29-H29 -> 0 | M29: =J29+K29+L29 -> 32
A30: 29 | B30: THIRUPATHI JAINAPURAPU BHEEMAIAH JAINAPURAPU | C30: 43101 | J30: =E30-D30 -> 0 | K30: =G30-F30 -> 0 | L30: =I30-H30 -> 0 | M30: =J30+K30+L30 -> 0
A31: 30 | B31: SAI KUMAR EDUGUNURI NADAIAH EDUGUNURI | C31: 43101 | J31: =E31-D31 -> 0 | K31: =G31-F31 -> 0 | L31: =I31-H31 -> 0 | M31: =J31+K31+L31 -> 0
A32: 31 | B32: MOHAMMED TAHIR KHAN PATHAN | C32: 43132 | J32: =E32-D32 -> 0 | K32: =G32-F32 -> 0 | L32: =I32-H32 -> 0 | M32: =J32+K32+L32 -> 0
A33: 32 | B33: GANESH KANAUJIA RAM CHANDAR KANAUJIA | C33: 43191 | D33: 45722 | E33: 45783 | J33: =E33-D33 -> 61 | K33: =G33-F33 -> 0 | L33: =I33-H33 -> 0 | M33: =J33+K33+L33 -> 61
A34: 33 | B34: NOOH THANCHANKANDY MOIDEEN KUTTY KALLIAN KATTIL | C34: 43282 | D34: 45946 | E34: 45953 | J34: =E34-D34 -> 7 | K34: =G34-F34 -> 0 | L34: =I34-H34 -> 0 | M34: =J34+K34+L34 -> 7
A35: 34 | B35: KAREEM CHOKKIYAN MOIDEENKUTTY VALAPPIL | C35: 43466 | J35: =E35-D35 -> 0 | K35: =G35-F35 -> 0 | L35: =I35-H35 -> 0 | M35: =J35+K35+L35 -> 0
A36: 35 | B36: MIDHUN VALIYAPURAKKAL MOHANAN MOHANAN VALIYAPURAKKAL VELAYUDHAN | C36: 43497 | J36: =E36-D36 -> 0 | K36: =G36-F36 -> 0 | L36: =I36-H36 -> 0 | M36: =J36+K36+L36 -> 0
A37: 36 | B37: ABU SALIH MAYYERI MOHAMMED KUTTY MAYYERI | C37: 43617 | J37: =E37-D37 -> 0 | K37: =G37-F37 -> 0 | L37: =I37-H37 -> 0 | M37: =J37+K37+L37 -> 0
A38: 37 | B38: MUHAMMAD ABID MUHAMMAD SAEED | C38: 43617 | D38: 45749 | E38: 45767 | J38: =E38-D38 -> 18 | K38: =G38-F38 -> 0 | L38: =I38-H38 -> 0 | M38: =J38+K38+L38 -> 18
A39: 38 | B39: ATHUL ELLIKANDAVIDA KRISHNAN ALLIKANDAVIDA | C39: 43617 | J39: =E39-D39 -> 0 | K39: =G39-F39 -> 0 | L39: =I39-H39 -> 0 | M39: =J39+K39+L39 -> 0
A40: 39 | B40: VAMSHI VADNALA GANGADHAR VADNALA | C40: 43739 | D40: 45658 | E40: 45717 | J40: =E40-D40 -> 59 | K40: =G40-F40 -> 0 | L40: =I40-H40 -> 0 | M40: =J40+K40+L40 -> 59
A41: 40 | B41: MOHAMMED RAHIM UDDIN EMDAD HOSSAIN | C41: 44105 | J41: =E41-D41 -> 0 | K41: =G41-F41 -> 0 | L41: =I41-H41 -> 0 | M41: =J41+K41+L41 -> 0
A42: 41 | B42: SANJAY SHIV POOJAN | C42: 44166 | D42: 45778 | E42: 45875 | J42: =E42-D42 -> 97 | K42: =G42-F42 -> 0 | L42: =I42-H42 -> 0 | M42: =J42+K42+L42 -> 97
A43: 42 | B43: VISHAL RAVINDRA TAMBEKAR RAVINDRA PANDURANG TAMBEKAR | C43: 44166 | D43: 45749 | E43: 45840 | J43: =E43-D43 -> 91 | K43: =G43-F43 -> 0 | L43: =I43-H43 -> 0 | M43: =J43+K43+L43 -> 91
A44: 43 | B44: BYJU KAKOTH KUNHIKANNAN | C44: 44197 | D44: 45905 | E44: 45936 | J44: =E44-D44 -> 31 | K44: =G44-F44 -> 0 | L44: =I44-H44 -> 0 | M44: =J44+K44+L44 -> 31
A45: 44 | B45: ASHOK KUMAR CHAURASIYA SIYA | C45: 44197 | J45: =E45-D45 -> 0 | K45: =G45-F45 -> 0 | L45: =I45-H45 -> 0 | M45: =J45+K45+L45 -> 0
A46: 45 | B46: ANWAR JATTIPALLA ISUBU | C46: 44287 | D46: 45930 | E46: 45984 | J46: =E46-D46 -> 54 | K46: =G46-F46 -> 0 | L46: =I46-H46 -> 0 | M46: =J46+K46+L46 -> 54
A47: 46 | B47: MANGAL SINGH TEHAL SINGH | C47: 44378 | D47: 45672 | E47: 45765 | J47: =E47-D47 -> 93 | K47: =G47-F47 -> 0 | L47: =I47-H47 -> 0 | M47: =J47+K47+L47 -> 93
A48: 47 | B48: FAHAD HOSSAIN DOLON MD DEWAR HOSSEN | C48: 44378 | J48: =E48-D48 -> 0 | K48: =G48-F48 -> 0 | L48: =I48-H48 -> 0 | M48: =J48+K48+L48 -> 0
A49: 48 | B49: MEHBOOB ALOM MOULANA ABUL KALAM | C49: 44409 | J49: =E49-D49 -> 0 | K49: =G49-F49 -> 0 | L49: =I49-H49 -> 0 | M49: =J49+K49+L49 -> 0
A50: 49 | B50: MOHAMMAD REAZ UDDIN MOHAMMAD DULAL MIA | C50: 44378 | D50: 46007 | E50: 46022 | J50: =E50-D50 -> 15 | K50: =G50-F50 -> 0 | L50: =I50-H50 -> 0 | M50: =J50+K50+L50 -> 15
A51: 50 | B51: FIRDUS ALOM TALUKDAR MOKTAR UDDIN TALUKDAR | C51: 44470 | J51: =E51-D51 -> 0 | K51: =G51-F51 -> 0 | L51: =I51-H51 -> 0 | M51: =J51+K51+L51 -> 0
A52: 51 | B52: BISWAJIT DEB BIKASH DEB | C52: 44470 | J52: =E52-D52 -> 0 | K52: =G52-F52 -> 0 | L52: =I52-H52 -> 0 | M52: =J52+K52+L52 -> 0
A53: 52 | B53: SHAMIL NISATH SULAIMAN SYED SULAIMAN | C53: 44470 | D53: 45733 | E53: 45778 | J53: =E53-D53 -> 45 | K53: =G53-F53 -> 0 | L53: =I53-H53 -> 0 | M53: =J53+K53+L53 -> 45
A54: 53 | B54: SUDHIR KUMAR SUBEDAR | C54: 44470 | J54: =E54-D54 -> 0 | K54: =G54-F54 -> 0 | L54: =I54-H54 -> 0 | M54: =J54+K54+L54 -> 0
A55: 54 | B55: AMIL TAJ MUHAMMAD TAJ | C55: 44607 | D55: 45869 | E55: 45930 | J55: =E55-D55 -> 61 | K55: =G55-F55 -> 0 | L55: =I55-H55 -> 0 | M55: =J55+K55+L55 -> 61
A56: 55 | B56: SABITH MANAPPATTU NOUSHAD NOUSHAD MANAPPATTU MAJEED | C56: 44593 | J56: =E56-D56 -> 0 | K56: =G56-F56 -> 0 | L56: =I56-H56 -> 0 | M56: =J56+K56+L56 -> 0
A57: 56 | B57: MD SUHAL AHMED MD TAFAZZUL ALI | C57: 44652 | D57: 45805 | E57: 45916 | J57: =E57-D57 -> 111 | K57: =G57-F57 -> 0 | L57: =I57-H57 -> 0 | M57: =J57+K57+L57 -> 111
A58: 57 | B58: MUHAMMED RASHEEQUE NEROM PARAMMAL MUHAMMAD LUKHMAN NEROM PARAMMAL | C58: 44652 | D58: 45726 | E58: 45734 | J58: =E58-D58 -> 8 | K58: =G58-F58 -> 0 | L58: =I58-H58 -> 0 | M58: =J58+K58+L58 -> 8
A59: 58 | B59: MOTIUR RAHMAN SOHID ULLAH | C59: 44652 | J59: =E59-D59 -> 0 | K59: =G59-F59 -> 0 | L59: =I59-H59 -> 0 | M59: =J59+K59+L59 -> 0
A60: 59 | B60: MD MONJURUL ISLAM MD OMAR FARUK | C60: 44652 | D60: 45744 | E60: 45810 | J60: =E60-D60 -> 66 | K60: =G60-F60 -> 0 | L60: =I60-H60 -> 0 | M60: =J60+K60+L60 -> 66
A61: 60 | B61: VIKASH KUMAR RAJENDRA KUMAR | C61: 44734 | D61: 45721 | E61: 45727 | J61: =E61-D61 -> 6 | K61: =G61-F61 -> 0 | L61: =I61-H61 -> 0 | M61: =J61+K61+L61 -> 6
A62: 61 | B62: SADIK ALOM IMAN UDDIN | C62: 44682 | D62: 45779 | E62: 45870 | J62: =E62-D62 -> 91 | K62: =G62-F62 -> 0 | L62: =I62-H62 -> 0 | M62: =J62+K62+L62 -> 91
A63: 62 | B63: UMESH PAYYAM VALAPPIL | C63: 44805 | D63: 45658 | E63: 45696 | F63: 45904 | G63: 45924 | J63: =E63-D63 -> 38 | K63: =G63-F63 -> 20 | L63: =I63-H63 -> 0 | M63: =J63+K63+L63 -> 58
A64: 63 | B64: MAHADI HASAN ARAFAT | C64: 44513 | D64: 45809 | E64: 45869 | J64: =E64-D64 -> 60 | K64: =G64-F64 -> 0 | L64: =I64-H64 -> 0 | M64: =J64+K64+L64 -> 60
A65: 64 | B65: SACHIN KANOUJIYA | C65: 44893 | D65: 45687 | E65: 45746 | J65: =E65-D65 -> 59 | K65: =G65-F65 -> 0 | L65: =I65-H65 -> 0 | M65: =J65+K65+L65 -> 59
A66: 65 | B66: PRAVEEN KUMAR KESHWANI | C66: 44893 | D66: 45872 | E66: 45939 | J66: =E66-D66 -> 67 | K66: =G66-F66 -> 0 | L66: =I66-H66 -> 0 | M66: =J66+K66+L66 -> 67
A67: 66 | B67: SHEKAR VEMULAWADA GANGANNAVEMULAWADA | C67: 44938 | D67: 45658 | E67: 45737 | J67: =E67-D67 -> 79 | K67: =G67-F67 -> 0 | L67: =I67-H67 -> 0 | M67: =J67+K67+L67 -> 79
A68: 67 | B68: MAHARAJ HOSSAIN RIFAT MD BAHAR MIA | C68: 44900 | D68: 45900 | E68: 45952 | J68: =E68-D68 -> 52 | K68: =G68-F68 -> 0 | L68: =I68-H68 -> 0 | M68: =J68+K68+L68 -> 52
A69: 68 | B69: FAHIM AHMAD MOHAMMAD YAKOB | C69: 44967 | J69: =E69-D69 -> 0 | K69: =G69-F69 -> 0 | L69: =I69-H69 -> 0 | M69: =J69+K69+L69 -> 0
A70: 69 | B70: MUHAMMED YASIR PADINHARE THODI | C70: 45024 | D70: 45882 | E70: 45901 | J70: =E70-D70 -> 19 | K70: =G70-F70 -> 0 | L70: =I70-H70 -> 0 | M70: =J70+K70+L70 -> 19
A71: 70 | B71: SUNIL KUMAR JAYSWAL | C71: 45031 | J71: =E71-D71 -> 0 | K71: =G71-F71 -> 0 | L71: =I71-H71 -> 0 | M71: =J71+K71+L71 -> 0
A72: 71 | B72: NIJIL CHITTILAPPILLY JOHNSON | C72: 45045 | J72: =E72-D72 -> 0 | K72: =G72-F72 -> 0 | L72: =I72-H72 -> 0 | M72: =J72+K72+L72 -> 0
A73: 72 | B73: VIJAYASINGAM RAJASINGAM | C73: 45105 | J73: =E73-D73 -> 0 | K73: =G73-F73 -> 0 | L73: =I73-H73 -> 0 | M73: =J73+K73+L73 -> 0
A74: 73 | B74: ZAKARIA AHMED | C74: 45110 | J74: =E74-D74 -> 0 | K74: =G74-F74 -> 0 | L74: =I74-H74 -> 0 | M74: =J74+K74+L74 -> 0
A75: 74 | B75: PRINCE KANOJIA MANI RAM | C75: 45104 | J75: =E75-D75 -> 0 | K75: =G75-F75 -> 0 | L75: =I75-H75 -> 0 | M75: =J75+K75+L75 -> 0
A76: 75 | B76: KAILASH KUMAR | C76: 45159 | D76: 45771 | E76: 45779 | F76: 45975 | G76: 46022 | J76: =E76-D76 -> 8 | K76: =G76-F76 -> 47 | L76: =I76-H76 -> 0 | M76: =J76+K76+L76 -> 55
A77: 76 | B77: PARWEZ ALEM MD ALAM | C77: 45155 | D77: 45948 | E77: 46022 | J77: =E77-D77 -> 74 | K77: =G77-F77 -> 0 | L77: =I77-H77 -> 0 | M77: =J77+K77+L77 -> 74
A78: 77 | B78: DAL BAHADUR MAGAR | C78: 45224 | J78: =E78-D78 -> 0 | K78: =G78-F78 -> 0 | L78: =I78-H78 -> 0 | M78: =J78+K78+L78 -> 0
A79: 78 | B79: Pavan Krishna | C79: 45224 | J79: =E79-D79 -> 0 | K79: =G79-F79 -> 0 | L79: =I79-H79 -> 0 | M79: =J79+K79+L79 -> 0
A80: 79 | B80: PRADEEP KUMAR | C80: 45261 | D80: 45839 | E80: 45882 | J80: =E80-D80 -> 43 | K80: =G80-F80 -> 0 | L80: =I80-H80 -> 0 | M80: =J80+K80+L80 -> 43
A81: 80 | B81: USMAN HUSSAIN | C81: 45253 | J81: =E81-D81 -> 0 | K81: =G81-F81 -> 0 | L81: =I81-H81 -> 0 | M81: =J81+K81+L81 -> 0
A82: 81 | B82: FAISAL SHAHZAD | C82: 45261 | J82: =E82-D82 -> 0 | K82: =G82-F82 -> 0 | L82: =I82-H82 -> 0 | M82: =J82+K82+L82 -> 0
A83: 82 | B83: BADUSHA THAYYIL CHEERAKUZHIYIL | C83: 45330 | J83: =E83-D83 -> 0 | K83: =G83-F83 -> 0 | L83: =I83-H83 -> 0 | M83: =J83+K83+L83 -> 0
A84: 83 | B84: MOHAMMAD USMAN | C84: 45329 | J84: =E84-D84 -> 0 | K84: =G84-F84 -> 0 | L84: =I84-H84 -> 0 | M84: =J84+K84+L84 -> 0
A85: 84 | B85: SAINUL HABID | C85: 45324 | D85: 45853 | E85: 45870 | J85: =E85-D85 -> 17 | K85: =G85-F85 -> 0 | L85: =I85-H85 -> 0 | M85: =J85+K85+L85 -> 17
A86: 85 | B86: STOBIN JOHNY | C86: 45362 | D86: 45755 | E86: 45782 | J86: =E86-D86 -> 27 | K86: =G86-F86 -> 0 | L86: =I86-H86 -> 0 | M86: =J86+K86+L86 -> 27
A87: 86 | B87: AJEET GAUTAM | C87: 45371 | J87: =E87-D87 -> 0 | K87: =G87-F87 -> 0 | L87: =I87-H87 -> 0 | M87: =J87+K87+L87 -> 0
A88: 87 | B88: MAHESH KUMAR CHINTAKINDI | C88: 45357 | J88: =E88-D88 -> 0 | K88: =G88-F88 -> 0 | L88: =I88-H88 -> 0 | M88: =J88+K88+L88 -> 0
A89: 88 | B89: SHARSHAD VALAPPIL | C89: 45434 | J89: =E89-D89 -> 0 | K89: =G89-F89 -> 0 | L89: =I89-H89 -> 0 | M89: =J89+K89+L89 -> 0
A90: 89 | B90: MOIDUL ALOM BARBHUYAN | C90: 45360 | J90: =E90-D90 -> 0 | K90: =G90-F90 -> 0 | L90: =I90-H90 -> 0 | M90: =J90+K90+L90 -> 0
A91: 90 | B91: MANJEET JAISAWAL | C91: 45432 | J91: =E91-D91 -> 0 | K91: =G91-F91 -> 0 | L91: =I91-H91 -> 0 | M91: =J91+K91+L91 -> 0
A92: 91 | B92: Mohamed Shajahan | C92: 45448 | J92: 0 | K92: =G92-F92 -> 0 | L92: =I92-H92 -> 0 | M92: 0
A93: 92 | B93: SARATH KUMAR RAVEENDRAN PILLAI SHYLAJA | C93: 45421 | J93: =E93-D93 -> 0 | K93: =G93-F93 -> 0 | L93: =I93-H93 -> 0 | M93: =J93+K93+L93 -> 0
A94: 93 | B94: Habibur Rahman | C94: 45560 | J94: =E94-D94 -> 0 | K94: =G94-F94 -> 0 | L94: =I94-H94 -> 0 | M94: =J94+K94+L94 -> 0
A95: 94 | B95: DEVID SHARMAN | C95: 45570 | J95: =E95-D95 -> 0 | K95: =G95-F95 -> 0 | L95: =I95-H95 -> 0 | M95: =J95+K95+L95 -> 0
A96: 95 | B96: ZAFAR IQBAL MOHAMMAD AZIIZ KHAN | C96: 39083 | J96: =E96-D96 -> 0 | K96: =G96-F96 -> 0 | L96: =I96-H96 -> 0 | M96: =J96+K96+L96 -> 0
A97: 96 | B97: BASHARAT AHMAD AHMAD ULLAH KHAN | C97: 39083 | D97: 45699 | E97: 45711 | J97: =E97-D97 -> 12 | K97: =G97-F97 -> 0 | L97: =I97-H97 -> 0 | M97: =J97+K97+L97 -> 12
A98: 97 | B98: MUHAMMAD NASIR TAJ MUHAMMAD TAJ | C98: 39083 | D98: 45696 | E98: 45755 | J98: =E98-D98 -> 59 | K98: =G98-F98 -> 0 | L98: =I98-H98 -> 0 | M98: =J98+K98+L98 -> 59
A99: 98 | B99: RAMEEZ ZAFAR ZAFAR IQBAL | C99: 40940 | D99: 45792 | E99: 45868 | J99: =E99-D99 -> 76 | K99: =G99-F99 -> 0 | L99: =I99-H99 -> 0 | M99: =J99+K99+L99 -> 76
A100: 99 | B100: MOHSIN BASHIR SARDAR MUHANNAD BASHIR KHAN | C100: 40848 | D100: 45658 | E100: 45670 | J100: =E100-D100 -> 12 | K100: =G100-F100 -> 0 | L100: =I100-H100 -> 0 | M100: =J100+K100+L100 -> 12
...

Sheet 2024
A1: SI NO | B1: STAFF NAME | C1: JOINING DATE | D1: 1ST LEAVE | F1: 2ND LEAVE | H1: 3RD LEAVE | J1: 1 | K1: 2 | L1: 3 | M1: TOTAL | N1: Remarks
A2: IDFO-000 | B2: KANTESH GAGAN DAS NIHALACHANDANI | C2: 39295 | J2: =E2-D2 -> 0 | K2: =G2-F2 -> 0 | L2: =I2-H2 -> 0 | M2: =J2+K2+L2 -> 0
A3: IDMO-032 | B3: PAWAN JAIKISHIN KOTAI | C3: 41883 | D3: 45412 | E3: 45436 | J3: =E3-D3 -> 24 | K3: =G3-F3 -> 0 | L3: =I3-H3 -> 0 | M3: =J3+K3+L3 -> 24
A4: IDMO-044 | B4: SANDEEP PULLANCHIODAN RAMATH SURENDRAN KURINHERI | C4: 42736 | J4: =E4-D4 -> 0 | K4: =G4-F4 -> 0 | L4: =I4-H4 -> 0 | M4: =J4+K4+L4 -> 0
A5: IDBO-018 | B5: ABIRAL ARUN THAPA | C5: 40695 | J5: =E5-D5 -> 0 | K5: =G5-F5 -> 0 | L5: =I5-H5 -> 0 | M5: =J5+K5+L5 -> 0
A6: IDMO-090 | B6: GAURAV NATHANI SANTOSH NATHANI | C6: 44317 | D6: 45292 | E6: 45318 | J6: =E6-D6 -> 26 | K6: =G6-F6 -> 0 | L6: =I6-H6 -> 0 | M6: =J6+K6+L6 -> 26
A7: IDMO-101 | B7: RANJITH KUMAR NAMPELLY RAJAIAH | C7: 44501 | J7: =E7-D7 -> 0 | K7: =G7-F7 -> 0 | L7: =I7-H7 -> 0 | M7: =J7+K7+L7 -> 0
A8: IDMO-123 | B8: JISHNU JOHNY SHEEBA JOHNY VISWAMBARAN | C8: 44317 | J8: =E8-D8 -> 0 | K8: =G8-F8 -> 0 | L8: =I8-H8 -> 0 | M8: =J8+K8+L8 -> 0
A9: IDMS-001 | B9: SANJAY MICHUMAL PUNJABI | C9: 39083 | D9: 45492 | E9: 45497 | F9: 45511 | G9: 45514 | J9: =E9-D9 -> 5 | K9: =G9-F9 -> 3 | L9: =I9-H9 -> 0 | M9: =J9+K9+L9 -> 8
A10: IDMO-002 | B10: MAHESH CHAINANI RAMCHAND | C10: 39083 | D10: 45329 | E10: 45341 | F10: 45645 | G10: 45657 | J10: =E10-D10 -> 12 | K10: =G10-F10 -> 12 | L10: =I10-H10 -> 0 | M10: =J10+K10+L10 -> 24
A11: IDMS-003 | B11: JITESH CHAWLA | C11: 39083 | D11: 45467 | E11: 45472 | F11: 45505 | G11: 45515 | J11: =E11-D11 -> 5 | K11: =G11-F11 -> 10 | L11: =I11-H11 -> 0 | M11: =J11+K11+L11 -> 15
A12: IDBS-012 | B12: VIJAY KUMAR ASHOK KUMAR | C12: 39142 | D12: 45510 | E12: 45512 | J12: =E12-D12 -> 2 | K12: =G12-F12 -> 0 | L12: =I12-H12 -> 0 | M12: =J12+K12+L12 -> 2
A13: IDBO-036 | B13: ASHFAQ MUHAMMAD AHAMED | C13: 42036 | D13: 45495 | E13: 45508 | J13: =E13-D13 -> 13 | K13: =G13-F13 -> 0 | L13: =I13-H13 -> 0 | M13: =J13+K13+L13 -> 13
A14: IDMS-004 | B14: NISHITH SURENDRAN NATHAN KAVIL VADAKKE VEETIL SURENDRAN KUNIYIL | C14: 39083 | D14: 45508 | E14: 45536 | J14: =E14-D14 -> 28 | K14: =G14-F14 -> 0 | L14: =I14-H14 -> 0 | M14: =J14+K14+L14 -> 28
A15: IDBS-024 | B15: ASLAMBHAI ARIFBHAI SHEIKH SHEIKH ARIFBHI MEHMOODBHAI | C15: 41334 | D15: 45516 | E15: 45535 | J15: =E15-D15 -> 19 | K15: =G15-F15 -> 0 | L15: =I15-H15 -> 0 | M15: =J15+K15+L15 -> 19
A16: IDBS-016 | B16: PRAVEEN KUMAR PERIYADAN KADINHIPALLY | C16: 40483 | D16: 45624 | E16: 45652 | J16: =E16-D16 -> 28 | K16: =G16-F16 -> 0 | L16: =I16-H16 -> 0 | M16: =J16+K16+L16 -> 28
A17: IDMS-108 | B17: DEEPAK PUSHPAN PUSHPANGANGADHARAN | C17: 44652 | D17: 45380 | E17: 45417 | J17: =E17-D17 -> 37 | K17: =G17-F17 -> 0 | L17: =I17-H17 -> 0 | M17: =J17+K17+L17 -> 37
A18: IDMS-109 | B18: JITHIN PANDIYATH RAJAN PANDIYATH RAMAN RAJAN | C18: 44652 | J18: =E18-D18 -> 0 | K18: =G18-F18 -> 0 | L18: =I18-H18 -> 0 | M18: =J18+K18+L18 -> 0
A19: IDMS-017 | B19: PRAMOD POINACHI KUNHI RAMAN POINACHI | C19: 44652 | D19: 45478 | E19: 45504 | J19: =E19-D19 -> 26 | K19: =G19-F19 -> 0 | L19: =I19-H19 -> 0 | M19: =J19+K19+L19 -> 26
A20: IDBM-023 | B20: PRABHAKAR PONNAM ANJAIAH PONNAM | C20: 41244 | J20: =E20-D20 -> 0 | K20: =G20-F20 -> 0 | L20: =I20-H20 -> 0 | M20: =J20+K20+L20 -> 0
A21: IDBM-026 | B21: MUHAMMAD NIYAS KURIYAKATH MULLAVAPPIL NAZER | C21: 41518 | J21: =E21-D21 -> 0 | K21: =G21-F21 -> 0 | L21: =I21-H21 -> 0 | M21: =J21+K21+L21 -> 0
A22: IDBM-033 | B22: KABEER MULLAPURATH CHIRAPURATH | C22: 41883 | J22: =E22-D22 -> 0 | K22: =G22-F22 -> 0 | L22: =I22-H22 -> 0 | M22: =J22+K22+L22 -> 0
A23: IDMM-034 | B23: GANGARAJAM BAKKAIAH ODNALA | C23: 41913 | D23: 45305 | E23: 45326 | F23: 45558 | G23: 45578 | J23: =E23-D23 -> 21 | K23: =G23-F23 -> 20 | L23: =I23-H23 -> 0 | M23: =J23+K23+L23 -> 41
A24: IDBM-035 | B24: SHIJU VARAKKOTH KUNHIKANNAN NAMBIAR PEEDIKA VALAPPIL | C24: 42005 | J24: =E24-D24 -> 0 | K24: =G24-F24 -> 0 | L24: =I24-H24 -> 0 | M24: =J24+K24+L24 -> 0
A25: IDMM-028 | B25: MOHAMMED JABID MOIDU KUNHI | C25: 41760 | J25: =E25-D25 -> 0 | K25: =G25-F25 -> 0 | L25: =I25-H25 -> 0 | M25: =J25+K25+L25 -> 0
A26: IDBM-029 | B26: SUBHADIN CHUNNUM TAMANG TAMANG | C26: 41760 | J26: =E26-D26 -> 0 | K26: =G26-F26 -> 0 | L26: =I26-H26 -> 0 | M26: =J26+K26+L26 -> 0
A27: IDMM-021 | B27: ARUN KANNOTHIL MANIKANDAN KANNOTHIL | C27: 40878 | D27: 45416 | E27: 45478 | J27: =E27-D27 -> 62 | K27: =G27-F27 -> 0 | L27: =I27-H27 -> 0 | M27: =J27+K27+L27 -> 62
A28: IDBM-039 | B28: BIPLAB DEB AJIT DEB | C28: 42430 | J28: =E28-D28 -> 0 | K28: =G28-F28 -> 0 | L28: =I28-H28 -> 0 | M28: =J28+K28+L28 -> 0
A29: IDBM-040 | B29: PARAMESH CHANDRAIAH NASPURI CHANDRAIAH POSANNA NASPURI | C29: 42522 | J29: =E29-D29 -> 0 | K29: =G29-F29 -> 0 | L29: =I29-H29 -> 0 | M29: =J29+K29+L29 -> 0
A30: IDMM-041 | B30: MUHAMMAD USMAN RIAZ AHMAD | C30: 42614 | J30: =E30-D30 -> 0 | K30: =G30-F30 -> 0 | L30: =I30-H30 -> 0 | M30: =J30+K30+L30 -> 0
A31: IDMM-042 | B31: IMRAN KHAN MUBARAK MOHAMMED KHASIM | C31: 42644 | J31: =E31-D31 -> 0 | K31: =G31-F31 -> 0 | L31: =I31-H31 -> 0 | M31: =J31+K31+L31 -> 0
A32: IDBM-043 | B32: MUHAMMAD SABIR MUHAMMAD SAEED | C32: 42675 | D32: 45310 | E32: 45373 | J32: =E32-D32 -> 63 | K32: =G32-F32 -> 0 | L32: =I32-H32 -> 0 | M32: =J32+K32+L32 -> 63
A33: IDMC-047 | B33: SUNIL GOPALAN KOLOTHODY | C33: 42948 | J33: =E33-D33 -> 0 | K33: =G33-F33 -> 0 | L33: =I33-H33 -> 0 | M33: =J33+K33+L33 -> 0
A34: IDMM-049 | B34: UMESH RAMA NAIK RAMA NAIK | C34: 42948 | J34: =E34-D34 -> 0 | K34: =G34-F34 -> 0 | L34: =I34-H34 -> 0 | M34: =J34+K34+L34 -> 0
A35: IDMM-050 | B35: AKASH RAVINDRA TAMBEKAR | C35: 42979 | D35: 45396 | E35: 45436 | J35: =E35-D35 -> 40 | K35: =G35-F35 -> 0 | L35: =I35-H35 -> 0 | M35: =J35+K35+L35 -> 40
A36: IDMM-053 | B36: THIRUPATHI JAINAPURAPU BHEEMAIAH JAINAPURAPU | C36: 43101 | D36: 45566 | E36: 45600 | J36: =E36-D36 -> 34 | K36: =G36-F36 -> 0 | L36: =I36-H36 -> 0 | M36: =J36+K36+L36 -> 34
A37: IDMM-010 | B37: SAI KUMAR EDUGUNURI NADAIAH EDUGUNURI | C37: 43101 | D37: 45507 | E37: 45557 | J37: =E37-D37 -> 50 | K37: =G37-F37 -> 0 | L37: =I37-H37 -> 0 | M37: =J37+K37+L37 -> 50
A38: IDMM-054 | B38: MOHAMMED TAHIR KHAN PATHAN | C38: 43132 | D38: 45562 | E38: 45624 | J38: =E38-D38 -> 62 | K38: =G38-F38 -> 0 | L38: =I38-H38 -> 0 | M38: =J38+K38+L38 -> 62
A39: IDMM-055 | B39: GANESH KANAUJIA RAM CHANDAR KANAUJIA | C39: 43191 | J39: =E39-D39 -> 0 | K39: =G39-F39 -> 0 | L39: =I39-H39 -> 0 | M39: =J39+K39+L39 -> 0
A40: IDMM-057 | B40: ZESHAN ASLAM MUHAMMAD ASLAM | C40: 43282 | J40: =E40-D40 -> 0 | K40: =G40-F40 -> 0 | L40: =I40-H40 -> 0 | M40: =J40+K40+L40 -> 0
A41: IDMM-056 | B41: NOOH THANCHANKANDY MOIDEEN KUTTY KALLIAN KATTIL | C41: 43282 | D41: 45292 | E41: 45323 | J41: =E41-D41 -> 31 | K41: =G41-F41 -> 0 | L41: =I41-H41 -> 0 | M41: =J41+K41+L41 -> 31
A42: IDMM-058 | B42: KAREEM CHOKKIYAN MOIDEENKUTTY VALAPPIL | C42: 43466 | D42: 45446 | E42: 45507 | J42: =E42-D42 -> 61 | K42: =G42-F42 -> 0 | L42: =I42-H42 -> 0 | M42: =J42+K42+L42 -> 61
A43: IDMM-059 | B43: MIDHUN VALIYAPURAKKAL MOHANAN MOHANAN VALIYAPURAKKAL VELAYUDHAN | C43: 43497 | J43: =E43-D43 -> 0 | K43: =G43-F43 -> 0 | L43: =I43-H43 -> 0 | M43: =J43+K43+L43 -> 0
A44: IDMM-060 | B44: MUHAMMED BASITH MANAPPATTU NAUSHAD NAUSHAD | C44: 43556 | J44: =E44-D44 -> 0 | K44: =G44-F44 -> 0 | L44: =I44-H44 -> 0 | M44: =J44+K44+L44 -> 0
A45: IDMM-061 | B45: ABU SALIH MAYYERI MOHAMMED KUTTY MAYYERI | C45: 43647 | D45: 45384 | E45: 45447 | J45: =E45-D45 -> 63 | K45: =G45-F45 -> 0 | L45: =I45-H45 -> 0 | M45: =J45+K45+L45 -> 63
A46: IDMM-062 | B46: MUHAMMAD ABID MUHAMMAD SAEED | C46: 43647 | D46: 45301 | E46: 45346 | J46: =E46-D46 -> 45 | K46: =G46-F46 -> 0 | L46: =I46-H46 -> 0 | M46: =J46+K46+L46 -> 45
A47: IDMM-064 | B47: SHIYAS KETANHOTH MEETHAL ABDULLA | C47: 43647 | J47: =E47-D47 -> 0 | K47: =G47-F47 -> 0 | L47: =I47-H47 -> 0 | M47: =J47+K47+L47 -> 0
A48: IDMM-065 | B48: ATHUL ELLIKANDAVIDA KRISHNAN ALLIKANDAVIDA | C48: 43617 | D48: 45351 | E48: 45390 | J48: =E48-D48 -> 39 | K48: =G48-F48 -> 0 | L48: =I48-H48 -> 0 | M48: =J48+K48+L48 -> 39
A49: IDMM-067 | B49: ANKIT KANOJIYA RAM KISHOR KANOJIYA | C49: 43739 | J49: =E49-D49 -> 0 | K49: =G49-F49 -> 0 | L49: =I49-H49 -> 0 | M49: =J49+K49+L49 -> 0
A50: IDMM-068 | B50: VAMSHI VADNALA GANGADHAR VADNALA | C50: 43800 | D50: 45657 | E50: 45658 | J50: =E50-D50 -> 1 | K50: =G50-F50 -> 0 | L50: =I50-H50 -> 0 | M50: =J50+K50+L50 -> 1
A51: IDMM-073 | B51: SHOUKKATHALI PALAKKOTTU PARAMBATH RAFEEQUE PALAKKOTTU PARAMBATH | C51: 44075 | J51: =E51-D51 -> 0 | K51: =G51-F51 -> 0 | L51: =I51-H51 -> 0 | M51: =J51+K51+L51 -> 0
A52: IDMM-074 | B52: MOHAMMED RAHIM UDDIN EMDAD HOSSAIN | C52: 44105 | D52: 45436 | E52: 45474 | J52: =E52-D52 -> 38 | K52: =G52-F52 -> 0 | L52: =I52-H52 -> 0 | M52: =J52+K52+L52 -> 38
A53: IDMM-076 | B53: SANJAY SHIV POOJAN | C53: 44136 | J53: =E53-D53 -> 0 | K53: =G53-F53 -> 0 | L53: =I53-H53 -> 0 | M53: =J53+K53+L53 -> 0
A54: IDMM-077 | B54: VISHAL RAVINDRA TAMBEKAR RAVINDRA PANDURANG TAMBEKAR | C54: 44136 | D54: 45410 | E54: 45417 | J54: =E54-D54 -> 7 | K54: =G54-F54 -> 0 | L54: =I54-H54 -> 0 | M54: =J54+K54+L54 -> 7
A55: IDMM-080 | B55: MUHAMMED RISHAM VENGARATH PUTHIYAPURAYIL RAHIM | C55: 44197 | J55: =E55-D55 -> 0 | K55: =G55-F55 -> 0 | L55: =I55-H55 -> 0 | M55: =J55+K55+L55 -> 0
A56: IDMM-079 | B56: BYJU KAKOTH KUNHIKANNAN | C56: 44197 | D56: 45376 | E56: 45431 | J56: =E56-D56 -> 55 | K56: =G56-F56 -> 0 | L56: =I56-H56 -> 0 | M56: =J56+K56+L56 -> 55
A57: IDMM-081 | B57: ASHOK KUMAR CHAURASIYA SIYA | C57: 44197 | D57: 45292 | E57: 45327 | J57: =E57-D57 -> 35 | K57: =G57-F57 -> 0 | L57: =I57-H57 -> 0 | M57: =J57+K57+L57 -> 35
A58: IDMM-086 | B58: PRAVIN TAMBEKAR NETAJI | C58: 44256 | J58: =E58-D58 -> 0 | K58: =G58-F58 -> 0 | L58: =I58-H58 -> 0 | M58: =J58+K58+L58 -> 0
A59: IDMM-083 | B59: SAJUDEEN SAJEER SAJUDHEEN | C59: 44256 | J59: =E59-D59 -> 0 | K59: =G59-F59 -> 0 | L59: =I59-H59 -> 0 | M59: =J59+K59+L59 -> 0
A60: IDMM-085 | B60: MUKHTAR AHMAD ABDUL RAHMAN CHOPAN | C60: 44256 | J60: =E60-D60 -> 0 | K60: =G60-F60 -> 0 | L60: =I60-H60 -> 0 | M60: =J60+K60+L60 -> 0
A61: IDMM-087 | B61: ANWAR JATTIPALLA ISUBU | C61: 44287 | D61: 45439 | E61: 45479 | J61: =E61-D61 -> 40 | K61: =G61-F61 -> 0 | L61: =I61-H61 -> 0 | M61: =J61+K61+L61 -> 40
A62: IDMM-088 | B62: AKSHAY SHAJI | C62: 44287 | J62: =E62-D62 -> 0 | K62: =G62-F62 -> 0 | L62: =I62-H62 -> 0 | M62: =J62+K62+L62 -> 0
A63: IDMM-092 | B63: MANGAL SINGH TEHAL SINGH | C63: 44378 | D63: 45306 | E63: 45345 | J63: =E63-D63 -> 39 | K63: =G63-F63 -> 0 | L63: =I63-H63 -> 0 | M63: =J63+K63+L63 -> 39
A64: IDMM-094 | B64: FAHAD HOSSAIN DOLON MD DEWAR HOSSEN | C64: 44378 | D64: 45448 | E64: 45509 | J64: =E64-D64 -> 61 | K64: =G64-F64 -> 0 | L64: =I64-H64 -> 0 | M64: =J64+K64+L64 -> 61
A65: IDMM-096 | B65: MEHBOOB ALOM MOULANA ABUL KALAM | C65: 44409 | D65: 45294 | E65: 45407 | F65: 45612 | G65: 45630 | J65: =E65-D65 -> 113 | K65: =G65-F65 -> 18 | L65: =I65-H65 -> 0 | M65: =J65+K65+L65 -> 131
A66: IDMM-095 | B66: MOHAMMAD REAZ UDDIN MOHAMMAD DULAL MIA | C66: 44378 | D66: 45292 | E66: 45340 | J66: =E66-D66 -> 48 | K66: =G66-F66 -> 0 | L66: =I66-H66 -> 0 | M66: =J66+K66+L66 -> 48
A67: IDMM-105 | B67: AJNAS VATTA KANDI ABDULLA THIYYAROTH | C67: 44470 | J67: =E67-D67 -> 0 | K67: =G67-F67 -> 0 | L67: =I67-H67 -> 0 | M67: =J67+K67+L67 -> 0
A68: IDMM-098 | B68: FIRDUS ALOM TALUKDAR MOKTAR UDDIN TALUKDAR | C68: 44470 | D68: 45439 | E68: 45500 | J68: =E68-D68 -> 61 | K68: =G68-F68 -> 0 | L68: =I68-H68 -> 0 | M68: =J68+K68+L68 -> 61
A69: IDMM-104 | B69: BISWAJIT DEB BIKASH DEB | C69: 44470 | J69: =E69-D69 -> 0 | K69: =G69-F69 -> 0 | L69: =I69-H69 -> 0 | M69: =J69+K69+L69 -> 0
A70: IDMM-099 | B70: SHAMIL NISATH SULAIMAN SYED SULAIMAN | C70: 44470 | D70: 45328 | E70: 45359 | J70: =E70-D70 -> 31 | K70: =G70-F70 -> 0 | L70: =I70-H70 -> 0 | M70: =J70+K70+L70 -> 31
A71: IDMM-102 | B71: SUDHIR KUMAR SUBEDAR | C71: 44470 | D71: 45397 | E71: 45474 | J71: =E71-D71 -> 77 | K71: =G71-F71 -> 0 | L71: =I71-H71 -> 0 | M71: =J71+K71+L71 -> 77
A72: IDMM-120 | B72: AMIL TAJ MUHAMMAD TAJ | C72: 44562 | J72: =E72-D72 -> 0 | K72: =G72-F72 -> 0 | L72: =I72-H72 -> 0 | M72: =J72+K72+L72 -> 0
A73: IDMM-118 | B73: SABITH MANAPPATTU NOUSHAD NOUSHAD MANAPPATTU MAJEED | C73: 44562 | D73: 45438 | E73: 45504 | J73: =E73-D73 -> 66 | K73: =G73-F73 -> 0 | L73: =I73-H73 -> 0 | M73: =J73+K73+L73 -> 66
A74: IDMM-112 | B74: MD SUHAL AHMED MD TAFAZZUL ALI | C74: 44652 | D74: 45484 | E74: 45577 | J74: =E74-D74 -> 93 | K74: =G74-F74 -> 0 | L74: =I74-H74 -> 0 | M74: =J74+K74+L74 -> 93
A75: IDMM-113 | B75: KWAJA NIJAMUDDIN ANSAR PASHA | C75: 44682 | J75: =E75-D75 -> 0 | K75: =G75-F75 -> 0 | L75: =I75-H75 -> 0 | M75: =J75+K75+L75 -> 0
A76: IDMM-110 | B76: MUHAMMED RASHEEQUE NEROM PARAMMAL MUHAMMAD LUKHMAN NEROM PARAMMAL | C76: 44682 | D76: 45471 | E76: 45518 | J76: =E76-D76 -> 47 | K76: =G76-F76 -> 0 | L76: =I76-H76 -> 0 | M76: =J76+K76+L76 -> 47
A77: IDMM-115 | B77: MOTIUR RAHMAN SOHID ULLAH | C77: 44682 | D77: 45504 | E77: 45568 | J77: =E77-D77 -> 64 | K77: =G77-F77 -> 0 | L77: =I77-H77 -> 0 | M77: =J77+K77+L77 -> 64
A78: IDMM-111 | B78: ZIA UL MUSTAFA BASHARAT MUHAMMAD BASHART | C78: 44682 | J78: =E78-D78 -> 0 | K78: =G78-F78 -> 0 | L78: =I78-H78 -> 0 | M78: =J78+K78+L78 -> 0
A79: IDMM-116 | B79: MD MONJURUL ISLAM MD OMAR FARUK | C79: 44652 | J79: =E79-D79 -> 0 | K79: =G79-F79 -> 0 | L79: =I79-H79 -> 0 | M79: =J79+K79+L79 -> 0
A80: IDMM-122 | B80: VIKASH KUMAR RAJENDRA KUMAR | C80: 44682 | D80: 45571 | E80: 45602 | J80: =E80-D80 -> 31 | K80: =G80-F80 -> 0 | L80: =I80-H80 -> 0 | M80: =J80+K80+L80 -> 31
A81: IDMM-124 | B81: SYED SHERAZ RAZA BUKHARI SYED | C81: 44682 | J81: =E81-D81 -> 0 | K81: =G81-F81 -> 0 | L81: =I81-H81 -> 0 | M81: =J81+K81+L81 -> 0
A82: IDMM-125 | B82: SADIK ALOM IMAN UDDIN | C82: 44682 | D82: 45413 | E82: 45474 | J82: =E82-D82 -> 61 | K82: =G82-F82 -> 0 | L82: =I82-H82 -> 0 | M82: =J82+K82+L82 -> 61
A83: IDMD-007 | B83: ZAFAR IQBAL MOHAMMAD AZIIZ KHAN | C83: 39083 | J83: =E83-D83 -> 0 | K83: =G83-F83 -> 0 | L83: =I83-H83 -> 0 | M83: =J83+K83+L83 -> 0
A84: IDBD-011 | B84: BASHARAT AHMAD AHMAD ULLAH KHAN | C84: 39083 | D84: 45467 | E84: 45526 | J84: =E84-D84 -> 59 | K84: =G84-F84 -> 0 | L84: =I84-H84 -> 0 | M84: =J84+K84+L84 -> 59
A85: IDBD-022 | B85: MUHAMMAD NASIR TAJ MUHAMMAD TAJ | C85: 40940 | D85: 45440 | E85: 45463 | J85: =E85-D85 -> 23 | K85: =G85-F85 -> 0 | L85: =I85-H85 -> 0 | M85: =J85+K85+L85 -> 23
A86: IDBD-020 | B86: RAMEEZ ZAFAR ZAFAR IQBAL | C86: 40848 | J86: =E86-D86 -> 0 | K86: =G86-F86 -> 0 | L86: =I86-H86 -> 0 | M86: =J86+K86+L86 -> 0
A87: IDMD-013 | B87: MOHSIN BASHIR SARDAR MUHANNAD BASHIR KHAN | C87: 39173 | D87: 45600 | E87: 45657 | J87: =E87-D87 -> 57 | K87: =G87-F87 -> 0 | L87: =I87-H87 -> 0 | M87: =J87+K87+L87 -> 57
A88: IDMD-072 | B88: MUHAMMAD QAMAR UZ ZAMAN MUHAMMAD ZAFAR KHAN NEW DRIVER | C88: 44075 | D88: 45383 | E88: 45452 | J88: =E88-D88 -> 69 | K88: =G88-F88 -> 0 | L88: =I88-H88 -> 0 | M88: =J88+K88+L88 -> 69
A89: IDMD-093 | B89: MANOJ GEORGE GEORGE POOPPANA THOMAS | C89: 44378 | J89: =E89-D89 -> 0 | K89: =G89-F89 -> 0 | L89: =I89-H89 -> 0 | M89: =J89+K89+L89 -> 0
A90: IDMD-121 | B90: NEW LAL PANDEY | C90: 44682 | J90: =E90-D90 -> 0 | K90: =G90-F90 -> 0 | L90: =I90-H90 -> 0 | M90: =J90+K90+L90 -> 0
A91: IDBC-006 | B91: RAJESH KANAKKODIKANDARI RAVUNNI KUTTY PANEZHIMUNDAKKAL | C91: 39083 | D91: 45489 | E91: 45539 | J91: =E91-D91 -> 50 | K91: =G91-F91 -> 0 | L91: =I91-H91 -> 0 | M91: =J91+K91+L91 -> 50
A92: IDMC-107 | B92: PRAMOD KUMARAN VATTAKKANDATHIL | C92: 40544 | J92: =E92-D92 -> 0 | K92: =G92-F92 -> 0 | L92: =I92-H92 -> 0 | M92: =J92+K92+L92 -> 0
A93: IDMC-025 | B93: JAGEESH PANDIKA THARAMMAL JAYARAJAN PANDIKA THARAMMAL | C93: 41456 | J93: =E93-D93 -> 0 | K93: =G93-F93 -> 0 | L93: =I93-H93 -> 0 | M93: =J93+K93+L93 -> 0
A94: IDMC-051 | B94: RAHUL ARIMBOOTH RAMANAN ARIMBOOTH | C94: 42979 | D94: 45519 | E94: 45568 | J94: =E94-D94 -> 49 | K94: =G94-F94 -> 0 | L94: =I94-H94 -> 0 | M94: =J94+K94+L94 -> 49
A95: IDMC-070 | B95: MAHTAB AHMED MAROOF MUHAMMAD MARROF S/C NEW | C95: 44013 | D95: 45566 | E95: 45623 | J95: =E95-D95 -> 57 | K95: =G95-F95 -> 0 | L95: =I95-H95 -> 0 | M95: =J95+K95+L95 -> 57
A96: IDMC-071 | B96: SULOVE CHHETRI RATAN CHHETRI | C96: 44013 | J96: =E96-D96 -> 0 | K96: =G96-F96 -> 0 | L96: =I96-H96 -> 0 | M96: =J96+K96+L96 -> 0
A97: IDMC-047 | B97: SUNIL GOPALAN KOLOTHODY | C97: 40210 | J97: =E97-D97 -> 0 | K97: =G97-F97 -> 0 | L97: =I97-H97 -> 0 | M97: =J97+K97+L97 -> 0
A98: IDMC-100 | B98: AJITH KUMARAN ANITHAMONI KUMARAN SADASIVAN | C98: 44470 | J98: =E98-D98 -> 0 | K98: =G98-F98 -> 0 | L98: =I98-H98 -> 0 | M98: =J98+K98+L98 -> 0
A99: IDMC-066 | B99: DINARAJ JAYARAJ DIVAKARAN | C99: 43678 | J99: =E99-D99 -> 0 | K99: =G99-F99 -> 0 | L99: =I99-H99 -> 0 | M99: =J99+K99+L99 -> 0
A100: IDMC-127 | B100: RAJMOHAN KANAKKAZHI KANDARI RAVUNNIKUTTY NAIR PANAZHIMUNDAKKAL | C100: 39083 | D100: 45644 | E100: 45657 | J100: =E100-D100 -> 13 | K100: =G100-F100 -> 0 | L100: =I100-H100 -> 0 | M100: =J100+K100+L100 -> 13
...

Sheet 2023
A1: SI NO | B1: STAFF NAME | C1: JOINING DATE | D1: 1ST LEAVE | F1: 2ND LEAVE | H1: 3RD LEAVE | J1: 3RD LEAVE | L1: 1 | M1: 2 | N1: 3 | O1: 4 | P1: TOTAL | Q1: Remarks
A2: IDFO-000 | B2: KANTESH GAGAN DAS NIHALACHANDANI | C2: 39295 | D2: 45137 | E2: 45161 | F2: 45176 | G2: 45188 | L2: =E2-D2 -> 24 | M2: =G2-F2 -> 12 | N2: =I2-H2 -> 0 | O2: =J2-I2 -> 0 | P2: =L2+M2+N2 -> 36
A3: IDMO-032 | B3: PAWAN JAIKISHIN KOTAI | C3: 41883 | D3: 45025 | E3: 45046 | L3: =E3-D3 -> 21 | M3: =G3-F3 -> 0 | N3: =I3-H3 -> 0 | O3: =J3-I3 -> 0 | P3: =L3+M3+N3 -> 21
A4: IDMO-044 | B4: SANDEEP PULLANCHIODAN RAMATH SURENDRAN KURINHERI | C4: 42736 | L4: =E4-D4 -> 0 | M4: =G4-F4 -> 0 | N4: =I4-H4 -> 0 | O4: =J4-I4 -> 0 | P4: =L4+M4+N4 -> 0
A5: IDBO-018 | B5: ABIRAL ARUN THAPA | C5: 40695 | L5: =E5-D5 -> 0 | M5: =G5-F5 -> 0 | N5: =I5-H5 -> 0 | O5: =J5-I5 -> 0 | P5: =L5+M5+N5 -> 0
A6: IDMO-090 | B6: GAURAV NATHANI SANTOSH NATHANI | C6: 44317 | D6: 45285 | E6: 45291 | L6: =E6-D6 -> 6 | M6: =G6-F6 -> 0 | N6: =I6-H6 -> 0 | O6: =J6-I6 -> 0 | P6: =L6+M6+N6 -> 6
A7: IDMO-101 | B7: RANJITH KUMAR NAMPELLY RAJAIAH | C7: 44501 | L7: =E7-D7 -> 0 | M7: =G7-F7 -> 0 | N7: =I7-H7 -> 0 | O7: =J7-I7 -> 0 | P7: =L7+M7+N7 -> 0
A8: IDMO-123 | B8: JISHNU JOHNY SHEEBA JOHNY VISWAMBARAN | C8: 44317 | D8: 45170 | E8: 45180 | L8: =E8-D8 -> 10 | M8: =G8-F8 -> 0 | N8: =I8-H8 -> 0 | O8: =J8-I8 -> 0 | P8: =L8+M8+N8 -> 10
A9: IDMS-001 | B9: SANJAY MICHUMAL PUNJABI | C9: 39083 | D9: 45004 | E9: 45011 | F9: 45104 | G9: 45110 | H9: 45272 | I9: 45275 | L9: =E9-D9 -> 7 | M9: =G9-F9 -> 6 | N9: =I9-H9 -> 3 | P9: =L9+M9+N9 -> 16
A10: IDMO-002 | B10: MAHESH CHAINANI RAMCHAND | C10: 39083 | D10: 45023 | E10: 45026 | F10: 45120 | G10: 45136 | L10: =E10-D10 -> 3 | M10: =G10-F10 -> 16 | N10: =I10-H10 -> 0 | O10: =J10-I10 -> 0 | P10: =L10+M10+N10 -> 19
A11: IDMS-003 | B11: JITESH CHAWLA | C11: 39083 | D11: 45110 | E11: 45118 | F11: 45168 | G11: 45182 | L11: =E11-D11 -> 8 | M11: =G11-F11 -> 14 | N11: =I11-H11 -> 0 | O11: =J11-I11 -> 0 | P11: =L11+M11+N11 -> 22
A12: IDBS-012 | B12: VIJAY KUMAR ASHOK KUMAR | C12: 39142 | D12: 44976 | E12: 44983 | F12: 45214 | G12: 45222 | H12: 45257 | I12: 45264 | J12: 45266 | K12: 45281 | L12: =E12-D12 -> 7 | M12: =G12-F12 -> 8 | N12: =I12-H12 -> 7 | O12: =K12-J12 -> 15 | P12: =L12+M12+N12+O12 -> 37
A13: IDBO-036 | B13: ASHFAQ MUHAMMAD AHAMED | C13: 42036 | D13: 45266 | E13: 45271 | L13: =E13-D13 -> 5 | M13: =G13-F13 -> 0 | N13: =I13-H13 -> 0 | O13: =J13-I13 -> 0 | P13: =L13+M13+N13 -> 5
A14: IDBO-036 | B14: PRAVEEN KUMAR KESHWANI | C14: 42036 | D14: 45102 | E14: 45109 | L14: =E14-D14 -> 7 | M14: =G14-F14 -> 0 | N14: =I14-H14 -> 0 | O14: =J14-I14 -> 0 | P14: =L14+M14+N14 -> 7
A15: IDMS-004 | B15: NISHITH SURENDRAN NATHAN KAVIL VADAKKE VEETIL SURENDRAN KUNIYIL | C15: 39083 | D15: 45242 | E15: 45254 | L15: =E15-D15 -> 12 | M15: =G15-F15 -> 0 | N15: =I15-H15 -> 0 | O15: =J15-I15 -> 0 | P15: =L15+M15+N15 -> 12
A16: IDBS-024 | B16: ASLAMBHAI ARIFBHAI SHEIKH SHEIKH ARIFBHI MEHMOODBHAI | C16: 41334 | L16: =E16-D16 -> 0 | M16: =G16-F16 -> 0 | N16: =I16-H16 -> 0 | O16: =J16-I16 -> 0 | P16: =L16+M16+N16 -> 0
A17: IDBS-016 | B17: PRAVEEN KUMAR PERIYADAN KADINHIPALLY | C17: 40483 | D17: 45138 | E17: 45173 | L17: =E17-D17 -> 35 | M17: =G17-F17 -> 0 | N17: =I17-H17 -> 0 | O17: =J17-I17 -> 0 | P17: =L17+M17+N17 -> 35
A18: IDMS-108 | B18: DEEPAK PUSHPAN PUSHPANGANGADHARAN | C18: 44652 | D18: 44927 | E18: 44943 | L18: =E18-D18 -> 16 | M18: =G18-F18 -> 0 | N18: =I18-H18 -> 0 | O18: =J18-I18 -> 0 | P18: =L18+M18+N18 -> 16
A19: IDMS-109 | B19: JITHIN PANDIYATH RAJAN PANDIYATH RAMAN RAJAN | C19: 44652 | L19: =E19-D19 -> 0 | M19: =G19-F19 -> 0 | N19: =I19-H19 -> 0 | O19: =J19-I19 -> 0 | P19: =L19+M19+N19 -> 0
A20: IDMS-017 | B20: PRAMOD POINACHI KUNHI RAMAN POINACHI | C20: 44652 | L20: =E20-D20 -> 0 | M20: =G20-F20 -> 0 | N20: =I20-H20 -> 0 | O20: =J20-I20 -> 0 | P20: =L20+M20+N20 -> 0
A21: IDBM-023 | B21: PRABHAKAR PONNAM ANJAIAH PONNAM | C21: 41244 | D21: 45243 | E21: 45289 | L21: =E21-D21 -> 46 | M21: =G21-F21 -> 0 | N21: =I21-H21 -> 0 | O21: =J21-I21 -> 0 | P21: =L21+M21+N21 -> 46
A22: IDBM-026 | B22: MUHAMMAD NIYAS KURIYAKATH MULLAVAPPIL NAZER | C22: 41518 | L22: =E22-D22 -> 0 | M22: =G22-F22 -> 0 | N22: =I22-H22 -> 0 | O22: =J22-I22 -> 0 | P22: =L22+M22+N22 -> 0
A23: IDBM-033 | B23: KABEER MULLAPURATH CHIRAPURATH | C23: 41883 | D23: 45232 | E23: 45262 | L23: =E23-D23 -> 30 | M23: =G23-F23 -> 0 | N23: =I23-H23 -> 0 | O23: =J23-I23 -> 0 | P23: =L23+M23+N23 -> 30
A24: IDMM-034 | B24: GANGARAJAM BAKKAIAH ODNALA | C24: 41913 | D24: 45142 | E24: 45199 | L24: =E24-D24 -> 57 | M24: =G24-F24 -> 0 | N24: =I24-H24 -> 0 | O24: =J24-I24 -> 0 | P24: =L24+M24+N24 -> 57
A25: IDBM-035 | B25: SHIJU VARAKKOTH KUNHIKANNAN NAMBIAR PEEDIKA VALAPPIL | C25: 42005 | L25: =E25-D25 -> 0 | M25: =G25-F25 -> 0 | N25: =I25-H25 -> 0 | O25: =J25-I25 -> 0 | P25: =L25+M25+N25 -> 0
A26: IDMM-028 | B26: MOHAMMED JABID MOIDU KUNHI | C26: 41760 | D26: 45078 | E26: 45139 | L26: =E26-D26 -> 61 | M26: =G26-F26 -> 0 | N26: =I26-H26 -> 0 | O26: =J26-I26 -> 0 | P26: =L26+M26+N26 -> 61
A27: IDBM-029 | B27: SUBHADIN CHUNNUM TAMANG TAMANG | C27: 41760 | L27: =E27-D27 -> 0 | M27: =G27-F27 -> 0 | N27: =I27-H27 -> 0 | O27: =J27-I27 -> 0 | P27: =L27+M27+N27 -> 0
A28: IDMM-021 | B28: ARUN KANNOTHIL MANIKANDAN KANNOTHIL | C28: 40878 | L28: =E28-D28 -> 0 | M28: =G28-F28 -> 0 | N28: =I28-H28 -> 0 | O28: =J28-I28 -> 0 | P28: =L28+M28+N28 -> 0
A29: IDBM-039 | B29: BIPLAB DEB AJIT DEB | C29: 42430 | D29: 45222 | E29: 45267 | L29: =E29-D29 -> 45 | M29: =G29-F29 -> 0 | N29: =I29-H29 -> 0 | O29: =J29-I29 -> 0 | P29: =L29+M29+N29 -> 45
A30: IDBM-040 | B30: PARAMESH CHANDRAIAH NASPURI CHANDRAIAH POSANNA NASPURI | C30: 42522 | D30: 45040 | E30: 45071 | L30: =E30-D30 -> 31 | M30: =G30-F30 -> 0 | N30: =I30-H30 -> 0 | O30: =J30-I30 -> 0 | P30: =L30+M30+N30 -> 31
A31: IDMM-041 | B31: MUHAMMAD USMAN RIAZ AHMAD | C31: 42614 | L31: =E31-D31 -> 0 | M31: =G31-F31 -> 0 | N31: =I31-H31 -> 0 | O31: =J31-I31 -> 0 | P31: =L31+M31+N31 -> 0
A32: IDMM-042 | B32: IMRAN KHAN MUBARAK MOHAMMED KHASIM | C32: 42644 | D32: 44926 | E32: 44982 | L32: =E32-D32 -> 56 | M32: =G32-F32 -> 0 | N32: =I32-H32 -> 0 | O32: =J32-I32 -> 0 | P32: =L32+M32+N32 -> 56
A33: IDBM-043 | B33: MUHAMMAD SABIR MUHAMMAD SAEED | C33: 42675 | L33: =E33-D33 -> 0 | M33: =G33-F33 -> 0 | N33: =I33-H33 -> 0 | O33: =J33-I33 -> 0 | P33: =L33+M33+N33 -> 0
A34: IDBM-048 | B34: SUNIL KUMAR RAM JIVAN | C34: 42948 | L34: =E34-D34 -> 0 | M34: =G34-F34 -> 0 | N34: =I34-H34 -> 0 | O34: =J34-I34 -> 0 | P34: =L34+M34+N34 -> 0
A35: IDMM-049 | B35: UMESH RAMA NAIK RAMA NAIK | C35: 42948 | D35: 44927 | E35: 44930 | L35: =E35-D35 -> 3 | M35: =G35-F35 -> 0 | N35: =I35-H35 -> 0 | O35: =J35-I35 -> 0 | P35: =L35+M35+N35 -> 3
A36: IDMM-050 | B36: AKASH RAVINDRA TAMBEKAR | C36: 42979 | D36: 45043 | E36: 45077 | L36: =E36-D36 -> 34 | M36: =G36-F36 -> 0 | N36: =I36-H36 -> 0 | O36: =J36-I36 -> 0 | P36: =L36+M36+N36 -> 34
A37: IDMM-053 | B37: THIRUPATHI JAINAPURAPU BHEEMAIAH JAINAPURAPU | C37: 43101 | D37: 44992 | E37: 45020 | L37: =E37-D37 -> 28 | M37: =G37-F37 -> 0 | N37: =I37-H37 -> 0 | O37: =J37-I37 -> 0 | P37: =L37+M37+N37 -> 28
A38: IDMM-010 | B38: SAI KUMAR EDUGUNURI NADAIAH EDUGUNURI | C38: 43101 | L38: =E38-D38 -> 0 | M38: =G38-F38 -> 0 | N38: =I38-H38 -> 0 | O38: =J38-I38 -> 0 | P38: =L38+M38+N38 -> 0
A39: IDMM-054 | B39: MOHAMMED TAHIR KHAN PATHAN | C39: 43132 | L39: =E39-D39 -> 0 | M39: =G39-F39 -> 0 | N39: =I39-H39 -> 0 | O39: =J39-I39 -> 0 | P39: =L39+M39+N39 -> 0
A40: IDMM-055 | B40: GANESH KANAUJIA RAM CHANDAR KANAUJIA | C40: 43191 | D40: 44926 | E40: 44989 | L40: =E40-D40 -> 63 | M40: =G40-F40 -> 0 | N40: =I40-H40 -> 0 | O40: =J40-I40 -> 0 | P40: =L40+M40+N40 -> 63
A41: IDMM-057 | B41: ZESHAN ASLAM MUHAMMAD ASLAM | C41: 43282 | D41: 45238 | E41: 45262 | L41: =E41-D41 -> 24 | M41: =G41-F41 -> 0 | N41: =I41-H41 -> 0 | O41: =J41-I41 -> 0 | P41: =L41+M41+N41 -> 24
A42: IDMM-056 | B42: NOOH THANCHANKANDY MOIDEEN KUTTY KALLIAN KATTIL | C42: 43282 | D42: 45240 | E42: 45291 | L42: =E42-D42 -> 51 | M42: =G42-F42 -> 0 | N42: =I42-H42 -> 0 | O42: =J42-I42 -> 0 | P42: =L42+M42+N42 -> 51
A43: IDMM-058 | B43: KAREEM CHOKKIYAN MOIDEENKUTTY VALAPPIL | C43: 43466 | L43: =E43-D43 -> 0 | M43: =G43-F43 -> 0 | N43: =I43-H43 -> 0 | O43: =J43-I43 -> 0 | P43: =L43+M43+N43 -> 0
A44: IDMM-059 | B44: MIDHUN VALIYAPURAKKAL MOHANAN MOHANAN VALIYAPURAKKAL VELAYUDHAN | C44: 43497 | L44: =E44-D44 -> 0 | M44: =G44-F44 -> 0 | N44: =I44-H44 -> 0 | O44: =J44-I44 -> 0 | P44: =L44+M44+N44 -> 0
A45: IDMM-060 | B45: MUHAMMED BASITH MANAPPATTU NAUSHAD NAUSHAD | C45: 43556 | D45: 45152 | E45: 45213 | L45: =E45-D45 -> 61 | M45: =G45-F45 -> 0 | N45: =I45-H45 -> 0 | O45: =J45-I45 -> 0 | P45: =L45+M45+N45 -> 61
A46: IDMM-061 | B46: ABU SALIH MAYYERI MOHAMMED KUTTY MAYYERI | C46: 43647 | L46: =E46-D46 -> 0 | M46: =G46-F46 -> 0 | N46: =I46-H46 -> 0 | O46: =J46-I46 -> 0 | P46: =L46+M46+N46 -> 0
A47: IDMM-062 | B47: MUHAMMAD ABID MUHAMMAD SAEED | C47: 43647 | L47: =E47-D47 -> 0 | M47: =G47-F47 -> 0 | N47: =I47-H47 -> 0 | O47: =J47-I47 -> 0 | P47: =L47+M47+N47 -> 0
A48: IDMM-064 | B48: SHIYAS KETANHOTH MEETHAL ABDULLA | C48: 43647 | L48: =E48-D48 -> 0 | M48: =G48-F48 -> 0 | N48: =I48-H48 -> 0 | O48: =J48-I48 -> 0 | P48: =L48+M48+N48 -> 0
A49: IDMM-065 | B49: ATHUL ELLIKANDAVIDA KRISHNAN ALLIKANDAVIDA | C49: 43617 | L49: =E49-D49 -> 0 | M49: =G49-F49 -> 0 | N49: =I49-H49 -> 0 | O49: =J49-I49 -> 0 | P49: =L49+M49+N49 -> 0
A50: IDMM-067 | B50: ANKIT KANOJIYA RAM KISHOR KANOJIYA | C50: 43739 | D50: 45117 | E50: 45141 | L50: =E50-D50 -> 24 | M50: =G50-F50 -> 0 | N50: =I50-H50 -> 0 | O50: =J50-I50 -> 0 | P50: =L50+M50+N50 -> 24
A51: IDMM-068 | B51: VAMHSI VADNALA GANGADHAR VADNALA | C51: 43800 | L51: =E51-D51 -> 0 | M51: =G51-F51 -> 0 | N51: =I51-H51 -> 0 | O51: =J51-I51 -> 0 | P51: =L51+M51+N51 -> 0
A52: IDMM-073 | B52: SHOUKKATHALI PALAKKOTTU PARAMBATH RAFEEQUE PALAKKOTTU PARAMBATH | C52: 44075 | D52: 44985 | E52: 45047 | L52: =E52-D52 -> 62 | M52: =G52-F52 -> 0 | N52: =I52-H52 -> 0 | O52: =J52-I52 -> 0 | P52: =L52+M52+N52 -> 62
A53: IDMM-074 | B53: MOHAMMED RAHIM UDDIN EMDAD HOSSAIN | C53: 44105 | D53: 44984 | E53: 45046 | L53: =E53-D53 -> 62 | M53: =G53-F53 -> 0 | N53: =I53-H53 -> 0 | O53: =J53-I53 -> 0 | P53: =L53+M53+N53 -> 62
A54: IDMM-076 | B54: SANJAY SHIV POOJAN | C54: 44136 | L54: =E54-D54 -> 0 | M54: =G54-F54 -> 0 | N54: =I54-H54 -> 0 | O54: =J54-I54 -> 0 | P54: =L54+M54+N54 -> 0
A55: IDMM-077 | B55: VISHAL RAVINDRA TAMBEKAR RAVINDRA PANDURANG TAMBEKAR | C55: 44136 | D55: 45044 | E55: 45104 | L55: =E55-D55 -> 60 | M55: =G55-F55 -> 0 | N55: =I55-H55 -> 0 | O55: =J55-I55 -> 0 | P55: =L55+M55+N55 -> 60
A56: IDMM-080 | B56: MUHAMMED RISHAM VENGARATH PUTHIYAPURAYIL RAHIM | C56: 44197 | D56: 45123 | E56: 45166 | L56: =E56-D56 -> 43 | M56: =G56-F56 -> 0 | N56: =I56-H56 -> 0 | O56: =J56-I56 -> 0 | P56: =L56+M56+N56 -> 43
A57: IDMM-079 | B57: BYJU KAKOTH KUNHIKANNAN | C57: 44197 | L57: =E57-D57 -> 0 | M57: =G57-F57 -> 0 | N57: =I57-H57 -> 0 | O57: =J57-I57 -> 0 | P57: =L57+M57+N57 -> 0
A58: IDMM-081 | B58: ASHOK KUMAR CHAURASIYA SIYA | C58: 44197 | D58: 45231 | E58: 45291 | L58: =E58-D58 -> 60 | M58: =G58-F58 -> 0 | N58: =I58-H58 -> 0 | O58: =J58-I58 -> 0 | P58: =L58+M58+N58 -> 60
A59: IDMM-086 | B59: PRAVIN TAMBEKAR NETAJI | C59: 44256 | L59: =E59-D59 -> 0 | M59: =G59-F59 -> 0 | N59: =I59-H59 -> 0 | O59: =J59-I59 -> 0 | P59: =L59+M59+N59 -> 0
A60: IDMM-083 | B60: SAJUDEEN SAJEER SAJUDHEEN | C60: 44256 | L60: =E60-D60 -> 0 | M60: =G60-F60 -> 0 | N60: =I60-H60 -> 0 | O60: =J60-I60 -> 0 | P60: =L60+M60+N60 -> 0
A61: IDMM-085 | B61: MUKHTAR AHMAD ABDUL RAHMAN CHOPAN | C61: 44256 | L61: =E61-D61 -> 0 | M61: =G61-F61 -> 0 | N61: =I61-H61 -> 0 | O61: =J61-I61 -> 0 | P61: =L61+M61+N61 -> 0
A62: IDMM-087 | B62: ANWAR JATTIPALLA ISUBU | C62: 44287 | D62: 44958 | E62: 44990 | L62: =E62-D62 -> 32 | M62: =G62-F62 -> 0 | N62: =I62-H62 -> 0 | O62: =J62-I62 -> 0 | P62: =L62+M62+N62 -> 32
A63: IDMM-088 | B63: AKSHAY SHAJI | C63: 44287 | L63: =E63-D63 -> 0 | M63: =G63-F63 -> 0 | N63: =I63-H63 -> 0 | O63: =J63-I63 -> 0 | P63: =L63+M63+N63 -> 0
A64: IDMM-092 | B64: MANGAL SINGH TEHAL SINGH | C64: 44378 | L64: =E64-D64 -> 0 | M64: =G64-F64 -> 0 | N64: =I64-H64 -> 0 | O64: =J64-I64 -> 0 | P64: =L64+M64+N64 -> 0
A65: IDMM-094 | B65: FAHAD HOSSAIN DOLON MD DEWAR HOSSEN | C65: 44378 | L65: =E65-D65 -> 0 | M65: =G65-F65 -> 0 | N65: =I65-H65 -> 0 | O65: =J65-I65 -> 0 | P65: =L65+M65+N65 -> 0
A66: IDMM-096 | B66: MEHBOOB ALOM MOULANA ABUL KALAM | C66: 44409 | L66: =E66-D66 -> 0 | M66: =G66-F66 -> 0 | N66: =I66-H66 -> 0 | O66: =J66-I66 -> 0 | P66: =L66+M66+N66 -> 0
A67: IDMM-095 | B67: MOHAMMAD REAZ UDDIN MOHAMMAD DULAL MIA | C67: 44378 | D67: 45279 | E67: 45291 | L67: =E67-D67 -> 12 | M67: =G67-F67 -> 0 | N67: =I67-H67 -> 0 | O67: =J67-I67 -> 0 | P67: =L67+M67+N67 -> 12
A68: IDMM-105 | B68: AJNAS VATTA KANDI ABDULLA THIYYAROTH | C68: 44470 | L68: =E68-D68 -> 0 | M68: =G68-F68 -> 0 | N68: =I68-H68 -> 0 | O68: =J68-I68 -> 0 | P68: =L68+M68+N68 -> 0
A69: IDMM-098 | B69: FIRDUS ALOM TALUKDAR MOKTAR UDDIN TALUKDAR | C69: 44470 | L69: =E69-D69 -> 0 | M69: =G69-F69 -> 0 | N69: =I69-H69 -> 0 | O69: =J69-I69 -> 0 | P69: =L69+M69+N69 -> 0
A70: IDMM-104 | B70: BISWAJIT DEB BIKASH DEB | C70: 44470 | L70: =E70-D70 -> 0 | M70: =G70-F70 -> 0 | N70: =I70-H70 -> 0 | O70: =J70-I70 -> 0 | P70: =L70+M70+N70 -> 0
A71: IDMM-099 | B71: SHAMIL NISATH SULAIMAN SYED SULAIMAN | C71: 44470 | D71: 45064 | E71: 45106 | L71: =E71-D71 -> 42 | M71: =G71-F71 -> 0 | N71: =I71-H71 -> 0 | O71: =J71-I71 -> 0 | P71: =L71+M71+N71 -> 42
A72: IDMM-102 | B72: SUDHIR KUMAR SUBEDAR | C72: 44470 | L72: =E72-D72 -> 0 | M72: =G72-F72 -> 0 | N72: =I72-H72 -> 0 | O72: =J72-I72 -> 0 | P72: =L72+M72+N72 -> 0
A73: IDMM-120 | B73: AMIL TAJ MUHAMMAD TAJ | C73: 44562 | L73: =E73-D73 -> 0 | M73: =G73-F73 -> 0 | N73: =I73-H73 -> 0 | O73: =J73-I73 -> 0 | P73: =L73+M73+N73 -> 0
A74: IDMM-118 | B74: SABITH MANAPPATTU NOUSHAD NOUSHAD MANAPPATTU MAJEED | C74: 44562 | D74: 45156 | E74: 45171 | L74: =E74-D74 -> 15 | M74: =G74-F74 -> 0 | N74: =I74-H74 -> 0 | O74: =J74-I74 -> 0 | P74: =L74+M74+N74 -> 15
A75: IDMM-119 | B75: JIBEESH KANIYAM KANDI MEETHAL | C75: 44562 | D75: 45022 | E75: 45031 | L75: =E75-D75 -> 9 | M75: =G75-F75 -> 0 | N75: =I75-H75 -> 0 | O75: =J75-I75 -> 0 | P75: =L75+M75+N75 -> 9
A76: IDMM-112 | B76: MD SUHAL AHMED MD TAFAZZUL ALI | C76: 44652 | L76: =E76-D76 -> 0 | M76: =G76-F76 -> 0 | N76: =I76-H76 -> 0 | O76: =J76-I76 -> 0 | P76: =L76+M76+N76 -> 0
A77: IDMM-113 | B77: KWAJA NIJAMUDDIN ANSAR PASHA | C77: 44682 | D77: 44983 | E77: 45004 | L77: =E77-D77 -> 21 | M77: =G77-F77 -> 0 | N77: =I77-H77 -> 0 | O77: =J77-I77 -> 0 | P77: =L77+M77+N77 -> 21
A78: IDMM-110 | B78: MUHAMMED RASHEEQUE NEROM PARAMMAL MUHAMMAD LUKHMAN NEROM PARAMMAL | C78: 44682 | D78: 45191 | E78: 45209 | L78: =E78-D78 -> 18 | M78: =G78-F78 -> 0 | N78: =I78-H78 -> 0 | O78: =J78-I78 -> 0 | P78: =L78+M78+N78 -> 18
A79: IDMM-115 | B79: MOTIUR RAHMAN SOHID ULLAH | C79: 44682 | L79: =E79-D79 -> 0 | M79: =G79-F79 -> 0 | N79: =I79-H79 -> 0 | O79: =J79-I79 -> 0 | P79: =L79+M79+N79 -> 0
A80: IDMM-111 | B80: ZIA UL MUSTAFA BASHARAT MUHAMMAD BASHART | C80: 44682 | L80: =E80-D80 -> 0 | M80: =G80-F80 -> 0 | N80: =I80-H80 -> 0 | O80: =J80-I80 -> 0 | P80: =L80+M80+N80 -> 0
A81: IDMM-116 | B81: MD MONJURUL ISLAM MD OMAR FARUK | C81: 44652 | L81: =E81-D81 -> 0 | M81: =G81-F81 -> 0 | N81: =I81-H81 -> 0 | O81: =J81-I81 -> 0 | P81: =L81+M81+N81 -> 0
A82: IDMM-126 | B82: MUHAMMED SHANIR POOCHADIYAN | C82: 44682 | L82: =E82-D82 -> 0 | M82: =G82-F82 -> 0 | N82: =I82-H82 -> 0 | O82: =J82-I82 -> 0 | P82: =L82+M82+N82 -> 0
A83: IDMM-122 | B83: VIKASH KUMAR RAJENDRA KUMAR | C83: 44682 | L83: =E83-D83 -> 0 | M83: =G83-F83 -> 0 | N83: =I83-H83 -> 0 | O83: =J83-I83 -> 0 | P83: =L83+M83+N83 -> 0
A84: IDMM-124 | B84: SYED SHERAZ RAZA BUKHARI SYED | C84: 44682 | L84: =E84-D84 -> 0 | M84: =G84-F84 -> 0 | N84: =I84-H84 -> 0 | O84: =J84-I84 -> 0 | P84: =L84+M84+N84 -> 0
A85: IDMM-125 | B85: SADIK ALOM IMAN UDDIN | C85: 44682 | L85: =E85-D85 -> 0 | M85: =G85-F85 -> 0 | N85: =I85-H85 -> 0 | O85: =J85-I85 -> 0 | P85: =L85+M85+N85 -> 0
A86: IDMD-007 | B86: ZAFAR IQBAL MOHAMMAD AZIIZ KHAN | C86: 39083 | D86: 45006 | E86: 45018 | F86: 45146 | G86: 45200 | L86: =E86-D86 -> 12 | M86: =G86-F86 -> 54 | N86: =I86-H86 -> 0 | O86: =J86-I86 -> 0 | P86: =L86+M86+N86 -> 66
A87: IDBD-011 | B87: BASHARAT AHMAD AHMAD ULLAH KHAN | C87: 39083 | L87: =E87-D87 -> 0 | M87: =G87-F87 -> 0 | N87: =I87-H87 -> 0 | O87: =J87-I87 -> 0 | P87: =L87+M87+N87 -> 0
A88: IDBD-022 | B88: MUHAMMAD NASIR TAJ MUHAMMAD TAJ | C88: 40940 | L88: =E88-D88 -> 0 | M88: =G88-F88 -> 0 | N88: =I88-H88 -> 0 | O88: =J88-I88 -> 0 | P88: =L88+M88+N88 -> 0
A89: IDBD-020 | B89: RAMEEZ ZAFAR ZAFAR IQBAL | C89: 40848 | L89: =E89-D89 -> 0 | M89: =G89-F89 -> 0 | N89: =I89-H89 -> 0 | O89: =J89-I89 -> 0 | P89: =L89+M89+N89 -> 0
A90: IDMD-013 | B90: MOHSIN BASHIR SARDAR MUHANNAD BASHIR KHAN | C90: 39173 | D90: 45092 | E90: 45142 | L90: =E90-D90 -> 50 | M90: =G90-F90 -> 0 | N90: =I90-H90 -> 0 | O90: =J90-I90 -> 0 | P90: =L90+M90+N90 -> 50
A91: IDMD-072 | B91: MUHAMMAD QAMAR UZ ZAMAN MUHAMMAD ZAFAR KHAN NEW DRIVER | C91: 44075 | L91: =E91-D91 -> 0 | M91: =G91-F91 -> 0 | N91: =I91-H91 -> 0 | O91: =J91-I91 -> 0 | P91: =L91+M91+N91 -> 0
A92: IDMD-093 | B92: MANOJ GEORGE GEORGE POOPPANA THOMAS | C92: 44378 | L92: =E92-D92 -> 0 | M92: =G92-F92 -> 0 | N92: =I92-H92 -> 0 | O92: =J92-I92 -> 0 | P92: =L92+M92+N92 -> 0
A93: IDMD-121 | B93: NEW LAL PANDEY | C93: 44682 | L93: =E93-D93 -> 0 | M93: =G93-F93 -> 0 | N93: =I93-H93 -> 0 | O93: =J93-I93 -> 0 | P93: =L93+M93+N93 -> 0
A94: IDBC-006 | B94: RAJESH KANAKKODIKANDARI RAVUNNI KUTTY PANEZHIMUNDAKKAL | C94: 39083 | L94: =E94-D94 -> 0 | M94: =G94-F94 -> 0 | N94: =I94-H94 -> 0 | O94: =J94-I94 -> 0 | P94: =L94+M94+N94 -> 0
A95: IDMC-107 | B95: PRAMOD KUMARAN VATTAKKANDATHIL | C95: 40544 | L95: =E95-D95 -> 0 | M95: =G95-F95 -> 0 | N95: =I95-H95 -> 0 | O95: =J95-I95 -> 0 | P95: =L95+M95+N95 -> 0
A96: IDMC-025 | B96: JAGEESH PANDIKA THARAMMAL JAYARAJAN PANDIKA THARAMMAL | C96: 41456 | L96: =E96-D96 -> 0 | M96: =G96-F96 -> 0 | N96: =I96-H96 -> 0 | O96: =J96-I96 -> 0 | P96: =L96+M96+N96 -> 0
A97: IDMC-051 | B97: RAHUL ARIMBOOTH RAMANAN ARIMBOOTH | C97: 42979 | D97: 44988 | E97: 44998 | L97: =E97-D97 -> 10 | M97: =G97-F97 -> 0 | N97: =I97-H97 -> 0 | O97: =J97-I97 -> 0 | P97: =L97+M97+N97 -> 10
A98: IDMC-070 | B98: MAHTAB AHMED MAROOF MUHAMMAD MARROF S/C NEW | C98: 44013 | L98: =E98-D98 -> 0 | M98: =G98-F98 -> 0 | N98: =I98-H98 -> 0 | O98: =J98-I98 -> 0 | P98: =L98+M98+N98 -> 0
A99: IDMC-071 | B99: SULOVE CHHETRI RATAN CHHETRI | C99: 44013 | D99: 44926 | E99: 44989 | L99: =E99-D99 -> 63 | M99: =G99-F99 -> 0 | N99: =I99-H99 -> 0 | O99: =J99-I99 -> 0 | P99: =L99+M99+N99 -> 63
A100: IDMC-047 | B100: SUNIL GOPALAN KOLOTHODY | C100: 40210 | D100: 45172 | E100: 45233 | L100: =E100-D100 -> 61 | M100: =G100-F100 -> 0 | N100: =I100-H100 -> 0 | O100: =J100-I100 -> 0 | P100: =L100+M100+N100 -> 61
...

Sheet 2022
A1: S.NO. | B1: STAFF NAME | C1: JOINING DATE | D1: 1ST LEAVE | F1: 2ND LEAVE | H1: 3RD LEAVE | J1: 4TH LEAVE | L1: 1 | M1: 2 | N1: 3 | O1: 4 | P1: TOTAL | Q1: Remarks
A2: 1 | B2: KANTESH NIHALCHANDANI | C2: 39295 | D2: 44753 | E2: 44763 | L2: =E2-D2 -> 10 | M2: =G2-F2 -> 0 | N2: =I2-H2 -> 0 | P2: =L2+M2+N2 -> 10
A3: 2 | B3: PAWAN KUMAR | C3: 41883 | D3: 44619 | E3: 44641 | L3: =E3-D3 -> 22 | M3: =G3-F3 -> 0 | N3: =I3-H3 -> 0 | P3: =L3+M3+N3 -> 22
A4: 3 | B4: SREEKANTH | C4: 41883 | D4: 44595 | E4: 44624 | L4: =E4-D4 -> 29 | M4: =G4-F4 -> 0 | N4: =I4-H4 -> 0 | P4: =L4+M4+N4 -> 29
A5: 4 | B5: SANDEEP | C5: 42736 | L5: =E5-D5 -> 0 | M5: =G5-F5 -> 0 | N5: =I5-H5 -> 0 | P5: =L5+M5+N5 -> 0
A6: 5 | B6: ABIRAL THAPA | C6: 40695 | L6: =E6-D6 -> 0 | M6: =G6-F6 -> 0 | N6: =I6-H6 -> 0 | P6: =L6+M6+N6 -> 0
A7: 6 | B7: GAURAV NATHANI | C7: 44317 | L7: =E7-D7 -> 0 | M7: =G7-F7 -> 0 | N7: =I7-H7 -> 0 | P7: =L7+M7+N7 -> 0
A8: 7 | B8: RANJITH KUMAR | C8: 44501 | L8: =E8-D8 -> 0 | M8: =G8-F8 -> 0 | N8: =I8-H8 -> 0 | P8: =L8+M8+N8 -> 0
A9: 8 | B9: JISHNU JOHNY SHEEBA | C9: 44317 | L9: =E9-D9 -> 0 | M9: =G9-F9 -> 0 | N9: =I9-H9 -> 0 | P9: =L9+M9+N9 -> 0
A10: 9 | B10: SANJAY MIRCHUMAL PUNJABI | C10: 39083 | D10: 44652 | E10: 44662 | F10: 44752 | G10: 44757 | L10: =E10-D10 -> 10 | M10: =G10-F10 -> 5 | N10: =I10-H10 -> 0 | P10: =L10+M10+N10 -> 15
A11: 10 | B11: MAHESH CHAINANI | C11: 39083 | D11: 44648 | E11: 44653 | F11: 44764 | G11: 44782 | L11: =E11-D11 -> 5 | M11: =G11-F11 -> 18 | N11: =I11-H11 -> 0 | P11: =L11+M11+N11 -> 23
A12: 11 | B12: JITESH CHAWLA | C12: 39083 | D12: 44760 | E12: 44764 | F12: 44784 | G12: 44796 | L12: =E12-D12 -> 4 | M12: =G12-F12 -> 12 | N12: =I12-H12 -> 0 | P12: =L12+M12+N12 -> 16
A13: 12 | B13: VIJAY KUMAR ASHOK KUMAR | C13: 39142 | D13: 44704 | E13: 44712 | L13: =E13-D13 -> 8 | M13: =G13-F13 -> 0 | N13: =I13-H13 -> 0 | P13: =L13+M13+N13 -> 8
A14: 13 | B14: ASHFAQ AHMED | C14: 42036 | D14: 44562 | E14: 44592 | F14: 44748 | G14: 44760 | H14: 44809 | I14: 44820 | J14: 44919 | K14: 44926 | L14: =E14-D14 -> 30 | M14: =G14-F14 -> 12 | N14: =I14-H14 -> 11 | O14: =K14-J14 -> 7 | P14: =L14+M14+N14+O14 -> 60
A15: 14 | B15: NISHITH SURENDRANATHAN | C15: 39083 | D15: 44767 | E15: 44802 | L15: =E15-D15 -> 35 | M15: =G15-F15 -> 0 | N15: =I15-H15 -> 0 | P15: =L15+M15+N15 -> 35
A16: 15 | B16: ASLAMBHAI SHEIKH | C16: 41334 | D16: 44801 | E16: 44812 | L16: =E16-D16 -> 11 | M16: =G16-F16 -> 0 | N16: =I16-H16 -> 0 | P16: =L16+M16+N16 -> 11
A17: 16 | B17: PRAVEEN KUMAR PALERI PALODAN | C17: 40483 | D17: 44593 | E17: 44613 | L17: =E17-D17 -> 20 | M17: =G17-F17 -> 0 | N17: =I17-H17 -> 0 | P17: =L17+M17+N17 -> 20
A18: 17 | B18: DEEPAK PUSHPAN | C18: 44652 | D18: 44919 | E18: 44926 | L18: =E18-D18 -> 7 | M18: =G18-F18 -> 0 | N18: =I18-H18 -> 0 | P18: =L18+M18+N18 -> 7
A19: 18 | B19: JITHIN PANDIYATH | C19: 44652 | L19: =E19-D19 -> 0 | M19: =G19-F19 -> 0 | N19: =I19-H19 -> 0 | P19: =L19+M19+N19 -> 0
A20: 19 | B20: Pramod Poinachi | C20: 44652 | L20: =E20-D20 -> 0 | M20: =G20-F20 -> 0 | N20: =I20-H20 -> 0 | P20: =L20+M20+N20 -> 0
A21: 20 | B21: Tushan Singh | C21: 44682 | L21: =E21-D21 -> 0 | M21: =G21-F21 -> 0 | N21: =I21-H21 -> 0 | P21: =L21+M21+N21 -> 0
A22: 21 | B22: PRABHAKAR POONAM ANJAIAH POONAM | C22: 41244 | D22: 44706 | E22: 44751 | L22: =E22-D22 -> 45 | M22: =G22-F22 -> 0 | N22: =I22-H22 -> 0 | P22: =L22+M22+N22 -> 45
A23: 22 | B23: MUHAMMAD NIYAS KURIYAKATH | C23: 41518 | D23: 44591 | E23: 44656 | L23: =E23-D23 -> 65 | M23: =G23-F23 -> 0 | N23: =I23-H23 -> 0 | P23: =L23+M23+N23 -> 65
A24: 23 | B24: KABEER | C24: 41883 | D24: 44562 | E24: 44604 | L24: =E24-D24 -> 42 | M24: =G24-F24 -> 0 | N24: =I24-H24 -> 0 | P24: =L24+M24+N24 -> 42
A25: 24 | B25: Gangarajan | C25: 41913 | L25: =E25-D25 -> 0 | M25: =G25-F25 -> 0 | N25: =I25-H25 -> 0 | P25: =L25+M25+N25 -> 0
A26: 25 | B26: SHIJU | C26: 42005 | D26: 44693 | E26: 44755 | L26: =E26-D26 -> 62 | M26: =G26-F26 -> 0 | N26: =I26-H26 -> 0 | P26: =L26+M26+N26 -> 62
A27: 26 | B27: MOHD JABID MOIDU KUNHI | C27: 41760 | L27: =E27-D27 -> 0 | M27: =G27-F27 -> 0 | N27: =I27-H27 -> 0 | P27: =L27+M27+N27 -> 0
A28: 27 | B28: SUBHADIN CHUNNUM TAMANG | C28: 41760 | D28: 44852 | E28: 44862 | L28: =E28-D28 -> 10 | M28: =G28-F28 -> 0 | N28: =I28-H28 -> 0 | P28: =L28+M28+N28 -> 10
A29: 28 | B29: ARUN KANNOTHIL | C29: 40878 | D29: 44804 | E29: 44865 | L29: =E29-D29 -> 61 | M29: =G29-F29 -> 0 | N29: =I29-H29 -> 0 | P29: =L29+M29+N29 -> 61
A30: 29 | B30: BIPLAB DEV | C30: 42430 | D30: 44834 | E30: 44851 | L30: =E30-D30 -> 17 | M30: =G30-F30 -> 0 | N30: =I30-H30 -> 0 | P30: =L30+M30+N30 -> 17
A31: 30 | B31: PARAMESH CHANDRAIAH NASPURI | C31: 42522 | L31: =E31-D31 -> 0 | M31: =G31-F31 -> 0 | N31: =I31-H31 -> 0 | P31: =L31+M31+N31 -> 0
A32: 31 | B32: MUHD USMAN | C32: 42614 | D32: 44674 | E32: 44756 | L32: =E32-D32 -> 82 | M32: =G32-F32 -> 0 | N32: =I32-H32 -> 0 | P32: =L32+M32+N32 -> 82
A33: 32 | B33: IMRAN KHAN | C33: 42644 | D33: 44895 | E33: 44926 | L33: =E33-D33 -> 31 | M33: =G33-F33 -> 0 | N33: =I33-H33 -> 0 | P33: =L33+M33+N33 -> 31
A34: 33 | B34: Muhammad Sabir Muhammad | C34: 42675 | L34: =E34-D34 -> 0 | M34: =G34-F34 -> 0 | N34: =I34-H34 -> 0 | P34: =L34+M34+N34 -> 0
A35: 34 | B35: VIJAY SINGAM | C35: 42856 | D35: 44562 | E35: 44568 | F35: 44665 | G35: 44749 | L35: =E35-D35 -> 6 | M35: =G35-F35 -> 84 | N35: =I35-H35 -> 0 | P35: =L35+M35+N35 -> 90
A36: 35 | B36: SUNIL KUMAR | C36: 42948 | D36: 44656 | E36: 44686 | L36: =E36-D36 -> 30 | M36: =G36-F36 -> 0 | N36: =I36-H36 -> 0 | P36: =L36+M36+N36 -> 30
A37: 36 | B37: UMESH NAIK | C37: 42948 | D37: 44893 | E37: 44926 | L37: =E37-D37 -> 33 | M37: =G37-F37 -> 0 | N37: =I37-H37 -> 0 | P37: =L37+M37+N37 -> 33
A38: 37 | B38: AKASH RAVINDRA TAMBEKAR | C38: 42979 | D38: 44597 | E38: 44660 | L38: =E38-D38 -> 63 | M38: =G38-F38 -> 0 | N38: =I38-H38 -> 0 | P38: =L38+M38+N38 -> 63
A39: 38 | B39: THIRUPATHI JAINAPURAPU | C39: 43101 | D39: 44865 | E39: 44911 | L39: =E39-D39 -> 46 | M39: =G39-F39 -> 0 | N39: =I39-H39 -> 0 | P39: =L39+M39+N39 -> 46
A40: 39 | B40: SAIKUMAR EDUGUNURI | C40: 43101 | D40: 44682 | E40: 44716 | F40: 44768 | G40: 44811 | L40: =E40-D40 -> 34 | M40: =G40-F40 -> 43 | N40: =I40-H40 -> 0 | P40: =L40+M40+N40 -> 77
A41: 40 | B41: TAHIR KHAN | C41: 43132 | D41: 44783 | E41: 44847 | L41: =E41-D41 -> 64 | M41: =G41-F41 -> 0 | N41: =I41-H41 -> 0 | P41: =L41+M41+N41 -> 64
A42: 41 | B42: GANESH KANUJIA | C42: 43191 | L42: =E42-D42 -> 0 | M42: =G42-F42 -> 0 | N42: =I42-H42 -> 0 | P42: =L42+M42+N42 -> 0
A43: 42 | B43: ZEESHAN | C43: 43282 | D43: 44756 | E43: 44831 | L43: =E43-D43 -> 75 | M43: =G43-F43 -> 0 | N43: =I43-H43 -> 0 | P43: =L43+M43+N43 -> 75
A44: 43 | B44: NOOH | C44: 43282 | D44: 44834 | E44: 44879 | L44: =E44-D44 -> 45 | M44: =G44-F44 -> 0 | N44: =I44-H44 -> 0 | P44: =L44+M44+N44 -> 45
A45: 44 | B45: KAREEM CHOKKIYAN | C45: 43466 | D45: 44562 | E45: 44595 | L45: =E45-D45 -> 33 | M45: =G45-F45 -> 0 | N45: =I45-H45 -> 0 | P45: =L45+M45+N45 -> 33
A46: 45 | B46: MIDHUN | C46: 43497 | L46: =E46-D46 -> 0 | M46: =G46-F46 -> 0 | N46: =I46-H46 -> 0 | P46: =L46+M46+N46 -> 0
A47: 46 | B47: MUHAMMED BASITH NAUSAHD | C47: 43556 | L47: =E47-D47 -> 0 | M47: =G47-F47 -> 0 | N47: =I47-H47 -> 0 | P47: =L47+M47+N47 -> 0
A48: 47 | B48: ABU SALIH(MERCHANDISER ) | C48: 43647 | D48: 44678 | E48: 44739 | L48: =E48-D48 -> 61 | M48: =G48-F48 -> 0 | N48: =I48-H48 -> 0 | P48: =L48+M48+N48 -> 61
A49: 48 | B49: ABID MUHAMMAD(MERCHANDISER) | C49: 43647 | L49: =E49-D49 -> 0 | M49: =G49-F49 -> 0 | N49: =I49-H49 -> 0 | P49: =L49+M49+N49 -> 0
A50: 49 | B50: SHIYAS (MERCHANDISER ) | C50: 43647 | D50: 44713 | E50: 44783 | L50: =E50-D50 -> 70 | M50: =G50-F50 -> 0 | N50: =I50-H50 -> 0 | P50: =L50+M50+N50 -> 70
A51: 50 | B51: ATHUL ELLIKANDAVIDA | C51: 43617 | D51: 44621 | E51: 44729 | L51: =E51-D51 -> 108 | M51: =G51-F51 -> 0 | N51: =I51-H51 -> 0 | P51: =L51+M51+N51 -> 108
A52: 51 | B52: ANKIT KANOJIYA | C52: 43739 | D52: 44621 | E52: 44682 | F52: 44898 | G52: 44905 | L52: =E52-D52 -> 61 | M52: =G52-F52 -> 7 | N52: =I52-H52 -> 0 | P52: =L52+M52+N52 -> 68
A53: 52 | B53: VAMSHI VADNALA GANGADHAR VADNALA | C53: 43800 | D53: 44708 | E53: 44768 | L53: =E53-D53 -> 60 | M53: =G53-F53 -> 0 | N53: =I53-H53 -> 0 | P53: =L53+M53+N53 -> 60
A54: 53 | B54: Shoukkath Ali | C54: 44075 | D54: 44598 | E54: 44612 | L54: =E54-D54 -> 14 | M54: =G54-F54 -> 0 | N54: =I54-H54 -> 0 | P54: =L54+M54+N54 -> 14
A55: 54 | B55: MOHAMMED RAHIM | C55: 44105 | L55: =E55-D55 -> 0 | M55: =G55-F55 -> 0 | N55: =I55-H55 -> 0 | P55: =L55+M55+N55 -> 0
A56: 55 | B56: SANJAY SHIV POOJAN | C56: 44136 | D56: 44585 | E56: 44627 | L56: =E56-D56 -> 42 | M56: =G56-F56 -> 0 | N56: =I56-H56 -> 0 | P56: =L56+M56+N56 -> 42
A57: 56 | B57: VISHAL RAVINDRA TAMBEKAR | C57: 44136 | L57: =E57-D57 -> 0 | M57: =G57-F57 -> 0 | N57: =I57-H57 -> 0 | P57: =L57+M57+N57 -> 0
A58: 57 | B58: MUHAMMED RISHAM | C58: 44197 | D58: 44597 | E58: 44628 | F58: 44760 | G58: 44789 | L58: =E58-D58 -> 31 | M58: =G58-F58 -> 29 | N58: =I58-H58 -> 0 | P58: =L58+M58+N58 -> 60
A59: 58 | B59: RAVI JAISWAL | C59: 44210 | L59: =E59-D59 -> 0 | M59: =G59-F59 -> 0 | N59: =I59-H59 -> 0 | P59: =L59+M59+N59 -> 0
A60: 59 | B60: BYJU KAKKOTH | C60: 44197 | D60: 44656 | E60: 44691 | L60: =E60-D60 -> 35 | M60: =G60-F60 -> 0 | N60: =I60-H60 -> 0 | P60: =L60+M60+N60 -> 35
A61: 60 | B61: LALIT GURJAR | C61: 44197 | D61: 44682 | E61: 44707 | L61: =E61-D61 -> 25 | M61: =G61-F61 -> 0 | N61: =I61-H61 -> 0 | P61: =L61+M61+N61 -> 25
A62: 61 | B62: ASHOK KUMAR CHAURASIYA | C62: 44197 | L62: =E62-D62 -> 0 | M62: =G62-F62 -> 0 | N62: =I62-H62 -> 0 | P62: =L62+M62+N62 -> 0
A63: 62 | B63: MOHAMMED NISHAN | C63: 44197 | L63: =E63-D63 -> 0 | M63: =G63-F63 -> 0 | N63: =I63-H63 -> 0 | P63: =L63+M63+N63 -> 0
A64: 64 | B64: PRAVIN NETAJI TAMBEKAR | C64: 44256 | D64: 44772 | E64: 44806 | L64: =E64-D64 -> 34 | M64: =G64-F64 -> 0 | N64: =I64-H64 -> 0 | P64: =L64+M64+N64 -> 34
A65: 65 | B65: SAJUDEEN SAJEER SAJUDEEN | C65: 44256 | L65: =E65-D65 -> 0 | M65: =G65-F65 -> 0 | N65: =I65-H65 -> 0 | P65: =L65+M65+N65 -> 0
A66: 66 | B66: Mukhtar Ahmad | C66: 44256 | L66: =E66-D66 -> 0 | M66: =G66-F66 -> 0 | N66: =I66-H66 -> 0 | P66: =L66+M66+N66 -> 0
A67: 67 | B67: ANWAR JATTIPALLA ISUBU | C67: 44287 | D67: 44775 | E67: 44790 | L67: =E67-D67 -> 15 | M67: =G67-F67 -> 0 | N67: =I67-H67 -> 0 | P67: =L67+M67+N67 -> 15
A68: 68 | B68: AKSHAY SHAJI EDAPPARAMATTTHIL | C68: 44287 | L68: =E68-D68 -> 0 | M68: =G68-F68 -> 0 | N68: =I68-H68 -> 0 | P68: =L68+M68+N68 -> 0
A69: 69 | B69: RAMESH NAIK RAMA | C69: 44287 | D69: 44652 | E69: 44832 | L69: =E69-D69 -> 180 | M69: =G69-F69 -> 0 | N69: =I69-H69 -> 0 | P69: =L69+M69+N69 -> 180
A70: 70 | B70: MANGAL SINGH TEHAL SINGH | C70: 44378 | L70: =E70-D70 -> 0 | M70: =G70-F70 -> 0 | N70: =I70-H70 -> 0 | P70: =L70+M70+N70 -> 0
A71: 71 | B71: FAHAD (Merchandiser ) | C71: 44378 | L71: =E71-D71 -> 0 | M71: =G71-F71 -> 0 | N71: =I71-H71 -> 0 | P71: =L71+M71+N71 -> 0
A72: 72 | B72: MEHBOOB ALOM | C72: 44409 | L72: =E72-D72 -> 0 | M72: =G72-F72 -> 0 | N72: =I72-H72 -> 0 | P72: =L72+M72+N72 -> 0
A73: 73 | B73: MOHAMMAD REAZ | C73: 44378 | L73: =E73-D73 -> 0 | M73: =G73-F73 -> 0 | N73: =I73-H73 -> 0 | P73: =L73+M73+N73 -> 0
A74: 74 | B74: AJNAS | C74: 44470 | L74: =E74-D74 -> 0 | M74: =G74-F74 -> 0 | N74: =I74-H74 -> 0 | P74: =L74+M74+N74 -> 0
A75: 75 | B75: FIRDUS ALAM | C75: 44470 | L75: =E75-D75 -> 0 | M75: =G75-F75 -> 0 | N75: =I75-H75 -> 0 | P75: =L75+M75+N75 -> 0
A76: 76 | B76: BISWJITH | C76: 44470 | L76: =E76-D76 -> 0 | M76: =G76-F76 -> 0 | N76: =I76-H76 -> 0 | P76: =L76+M76+N76 -> 0
A77: 77 | B77: SHAMIL NISATH SULAIMAN | C77: 44470 | L77: =E77-D77 -> 0 | M77: =G77-F77 -> 0 | N77: =I77-H77 -> 0 | P77: =L77+M77+N77 -> 0
A78: 78 | B78: SUDHIR | C78: 44470 | L78: =E78-D78 -> 0 | M78: =G78-F78 -> 0 | N78: =I78-H78 -> 0 | P78: =L78+M78+N78 -> 0
A79: 79 | B79: MOHAMMED JAMSHED | C79: 44562 | L79: =E79-D79 -> 0 | M79: =G79-F79 -> 0 | N79: =I79-H79 -> 0 | P79: =L79+M79+N79 -> 0
A80: 80 | B80: AMIL TAJ | C80: 44562 | L80: =E80-D80 -> 0 | M80: =G80-F80 -> 0 | N80: =I80-H80 -> 0 | P80: =L80+M80+N80 -> 0
A81: 81 | B81: SABITH MANAPPATTU NOUSHAD | C81: 44562 | L81: =E81-D81 -> 0 | M81: =G81-F81 -> 0 | N81: =I81-H81 -> 0 | P81: =L81+M81+N81 -> 0
... A94: 94 | B94: ZAFAR IQBAL MOHAMMAD | C94: 39083 | L94: =E94-D94 -> 0 | M94: =G94-F94 -> 0 | N94: =I94-H94 -> 0 | P94: =L94+M94+N94 -> 0
A95: 95 | B95: BASHARAT AHMED AHMADULLAH KHAN | C95: 39083 | D95: 44700 | E95: 44764 | L95: =E95-D95 -> 64 | M95: =G95-F95 -> 0 | N95: =I95-H95 -> 0 | P95: =L95+M95+N95 -> 64
A96: 96 | B96: MUHAMMAD NASIR TAJ | C96: 40940 | D96: 44568 | E96: 44642 | L96: =E96-D96 -> 74 | M96: =G96-F96 -> 0 | N96: =I96-H96 -> 0 | P96: =L96+M96+N96 -> 74
A97: 97 | B97: RAMEEZ ZAFAR IQBAL | C97: 40848 | D97: 44805 | E97: 44885 | L97: =E97-D97 -> 80 | M97: =G97-F97 -> 0 | N97: =I97-H97 -> 0 | P97: =L97+M97+N97 -> 80
A98: 98 | B98: MOHSIN BASHIR SARDAR | C98: 39173 | D98: 44674 | E98: 44713 | L98: =E98-D98 -> 39 | M98: =G98-F98 -> 0 | N98: =I98-H98 -> 0 | P98: =L98+M98+N98 -> 39
A99: 99 | B99: MUHAMMAD QAMAR UZ ZAMAN | C99: 44075 | L99: =E99-D99 -> 0 | M99: =G99-F99 -> 0 | N99: =I99-H99 -> 0 | P99: =L99+M99+N99 -> 0
A100: 100 | B100: MANOJ GEORGE | C100: 44378 | L100: =E100-D100 -> 0 | M100: =G100-F100 -> 0 | N100: =I100-H100 -> 0 | P100: =L100+M100+N100 -> 0
A101: 101 | B101: NEW LAL PANDEY | C101: 44682 | L101: =E101-D101 -> 0 | M101: =G101-F101 -> 0 | N101: =I101-H101 -> 0 | P101: =L101+M101+N101 -> 0
A102: 102 | B102: RAJESH KANAKKODI | C102: 39083 | L102: =E102-D102 -> 0 | M102: =G102-F102 -> 0 | N102: =I102-H102 -> 0 | P102: =L102+M102+N102 -> 0
A103: 103 | B103: PRAMOD VATTAKKANDATHIL | C103: 40544 | D103: 44562 | E103: 44571 | F103: 44775 | G103: 44786 | H103: 44873 | I103: 44894 | L103: =E103-D103 -> 9 | M103: =G103-F103 -> 11 | N103: =I103-H103 -> 21 | P103: =L103+M103+N103 -> 41
A104: 104 | B104: JAGEESH PANDIKA THARAMMAL | C104: 41456 | D104: 44803 | E104: 44864 | L104: =E104-D104 -> 61 | M104: =G104-F104 -> 0 | N104: =I104-H104 -> 0 | P104: =L104+M104+N104 -> 61
A105: 105 | B105: RAHUL ARIMBOOTH | C105: 42979 | D105: 44654 | E105: 44715 | L105: =E105-D105 -> 61 | M105: =G105-F105 -> 0 | N105: =I105-H105 -> 0 | P105: =L105+M105+N105 -> 61
A106: 106 | B106: MAHTAB AHMED MAROOF | C106: 44013 | D106: 44758 | E106: 44819 | L106: =E106-D106 -> 61 | M106: =G106-F106 -> 0 | N106: =I106-H106 -> 0 | P106: =L106+M106+N106 -> 61
A107: 107 | B107: SULOVE CHHETRI | C107: 44013 | L107: =E107-D107 -> 0 | M107: =G107-F107 -> 0 | N107: =I107-H107 -> 0 | P107: =L107+M107+N107 -> 0
A108: 108 | B108: ASHOK ALANILKUNNATHIL | C108: 44105 | L108: =E108-D108 -> 0 | M108: =G108-F108 -> 0 | N108: =I108-H108 -> 0 | P108: =L108+M108+N108 -> 0
A109: 109 | B109: SUNIL GOPALAN KOLOTHODY | C109: 40210 | L109: =E109-D109 -> 0 | M109: =G109-F109 -> 0 | N109: =I109-H109 -> 0 | P109: =L109+M109+N109 -> 0
A110: 110 | B110: AJITH | C110: 44470 | L110: =E110-D110 -> 0 | M110: =G110-F110 -> 0 | N110: =I110-H110 -> 0 | P110: =L110+M110+N110 -> 0
A111: 111 | B111: DINARAJ JAYARAJ DIVAKARAN | C111: 43678 | D111: 44577 | E111: 44637 | L111: =E111-D111 -> 60 | M111: =G111-F111 -> 0 | N111: =I111-H111 -> 0 | P111: =L111+M111+N111 -> 60
A112: 113 | B112: SURESH NARESH KHODICHERLA | C112: 39083 | L112: =E112-D112 -> 0 | M112: =G112-F112 -> 0 | N112: =I112-H112 -> 0 | P112: =L112+M112+N112 -> 0
...

Sheet 2021
A1: S.NO. | B1: STAFF NAME | C1: JOINING DATE | D1: 1ST LEAVE | F1: 2ND LEAVE | H1: 3RD LEAVE | J1: 1 | K1: 2 | L1: 3 | M1: TOTAL
A2: 1 | B2: KANTESH NIHALCHANDANI | C2: 39295 | D2: 44498 | E2: 44519 | J2: =E2-D2 -> 21 | K2: =G2-F2 -> 0 | L2: =I2-H2 -> 0 | M2: =J2+K2+L2 -> 21
A3: 2 | B3: PAWAN KUMAR | C3: 41883 | D3: 44245 | E3: 44276 | J3: =E3-D3 -> 31 | K3: =G3-F3 -> 0 | L3: =I3-H3 -> 0 | M3: =J3+K3+L3 -> 31
A4: 3 | B4: SREEKANTH | C4: 41883 | D4: 44199 | E4: 44234 | J4: =E4-D4 -> 35 | K4: =G4-F4 -> 0 | L4: =I4-H4 -> 0 | M4: =J4+K4+L4 -> 35
A5: 4 | B5: SANDEEP | C5: 42736 | D5: 44281 | E5: 44385 | J5: =E5-D5 -> 104 | K5: =G5-F5 -> 0 | L5: =I5-H5 -> 0 | M5: =J5+K5+L5 -> 104
A6: 5 | B6: ABIRAL THAPA | C6: 40695 | D6: 44480 | E6: 44504 | J6: =E6-D6 -> 24 | K6: =G6-F6 -> 0 | L6: =I6-H6 -> 0 | M6: =J6+K6+L6 -> 24
A7: 6 | B7: GAURAV NATHANI | C7: 44317 | D7: 44505 | E7: 44521 | J7: =E7-D7 -> 16 | K7: =G7-F7 -> 0 | L7: =I7-H7 -> 0 | M7: =J7+K7+L7 -> 16
A8: 7 | B8: RANJITH KUMAR | C8: 44501 | J8: =E8-D8 -> 0 | K8: =G8-F8 -> 0 | L8: =I8-H8 -> 0 | M8: =J8+K8+L8 -> 0
A9: 8 | B9: SANJAY MIRCHUMAL PUNJABI | C9: 39083 | J9: =E9-D9 -> 0 | K9: =G9-F9 -> 0 | L9: =I9-H9 -> 0 | M9: =J9+K9+L9 -> 0
A10: 9 | B10: MAHESH CHAINANI | C10: 39083 | D10: 44427 | E10: 44443 | J10: =E10-D10 -> 16 | K10: =G10-F10 -> 0 | L10: =I10-H10 -> 0 | M10: =J10+K10+L10 -> 16
A11: 10 | B11: JITESH CHAWLA | C11: 39083 | D11: 44450 | E11: 44478 | J11: =E11-D11 -> 28 | K11: =G11-F11 -> 0 | L11: =I11-H11 -> 0 | M11: =J11+K11+L11 -> 28
A12: 11 | B12: VIJAY KUMAR ASHOK KUMAR | C12: 39142 | J12: =E12-D12 -> 0 | K12: =G12-F12 -> 0 | L12: =I12-H12 -> 0 | M12: =J12+K12+L12 -> 0
A13: 12 | B13: ASHFAQ AHMED | C13: 42036 | D13: 44555 | E13: 44561 | J13: =E13-D13 -> 6 | K13: =G13-F13 -> 0 | L13: =I13-H13 -> 0 | M13: =J13+K13+L13 -> 6
A14: 13 | B14: HITESH TEKWANI | C14: 43252 | J14: =E14-D14 -> 0 | K14: =G14-F14 -> 0 | L14: =I14-H14 -> 0 | M14: =J14+K14+L14 -> 0
A15: 14 | B15: NISHITH SURENDRANATHAN | C15: 39083 | J15: =E15-D15 -> 0 | K15: =G15-F15 -> 0 | L15: =I15-H15 -> 0 | M15: =J15+K15+L15 -> 0
A16: 15 | B16: ASLAMBHAI SHEIKH | C16: 41334 | J16: =E16-D16 -> 0 | K16: =G16-F16 -> 0 | L16: =I16-H16 -> 0 | M16: =J16+K16+L16 -> 0
A17: 16 | B17: PRAVEEN KUMAR PALERI PALODAN | C17: 40483 | D17: 44275 | E17: 44304 | J17: =E17-D17 -> 29 | K17: =G17-F17 -> 0 | L17: =I17-H17 -> 0 | M17: =J17+K17+L17 -> 29
A18: 17 | B18: THOUFEEK POTTAMMAL | C18: 40210 | J18: =E18-D18 -> 0 | K18: =G18-F18 -> 0 | L18: =I18-H18 -> 0 | M18: =J18+K18+L18 -> 0
A19: 18 | B19: SAMAD CHONAKADAVATH SADIRI (SALESMAN) | C19: 43647 | J19: =E19-D19 -> 0 | K19: =G19-F19 -> 0 | L19: =I19-H19 -> 0 | M19: =J19+K19+L19 -> 0
A20: 20 | B20: PRABHAKAR POONAM ANJAIAH POONAM | C20: 41244 | D20: 44223 | E20: 44281 | J20: =E20-D20 -> 58 | K20: =G20-F20 -> 0 | L20: =I20-H20 -> 0 | M20: =J20+K20+L20 -> 58
A21: 21 | B21: MUHAMMAD NIYAS KURIYAKATH | C21: 41518 | J21: =E21-D21 -> 0 | K21: =G21-F21 -> 0 | L21: =I21-H21 -> 0 | M21: =J21+K21+L21 -> 0
A22: 22 | B22: KABEER | C22: 41883 | D22: 44524 | E22: 44561 | J22: =E22-D22 -> 37 | K22: =G22-F22 -> 0 | L22: =I22-H22 -> 0 | M22: =J22+K22+L22 -> 37
A23: 23 | B23: Gangarajan | C23: 41913 | D23: 44442 | E23: 44544 | J23: =E23-D23 -> 102 | K23: =G23-F23 -> 0 | L23: =I23-H23 -> 0 | M23: =J23+K23+L23 -> 102 | O23: 44524 | P23: /11/2021
A24: 24 | B24: SHIJU | C24: 42005 | J24: =E24-D24 -> 0 | K24: =G24-F24 -> 0 | L24: =I24-H24 -> 0 | M24: =J24+K24+L24 -> 0
A25: 25 | B25: VIKAS | C25: 42324 | D25: 44256 | E25: 44432 | J25: =E25-D25 -> 176 | K25: =G25-F25 -> 0 | L25: =I25-H25 -> 0 | M25: =J25+K25+L25 -> 176
A26: 26 | B26: MOHD JABID MOIDU KUNHI | C26: 41760 | D26: 44381 | E26: 44442 | J26: =E26-D26 -> 61 | K26: =G26-F26 -> 0 | L26: =I26-H26 -> 0 | M26: =J26+K26+L26 -> 61
A27: 27 | B27: SUBHADIN CHUNNUM TAMANG | C27: 41760 | D27: 44465 | E27: 44531 | J27: =E27-D27 -> 66 | K27: =G27-F27 -> 0 | L27: =I27-H27 -> 0 | M27: =J27+K27+L27 -> 66
A28: 28 | B28: ARUN KANNOTHIL | C28: 40878 | J28: =E28-D28 -> 0 | K28: =G28-F28 -> 0 | L28: =I28-H28 -> 0 | M28: =J28+K28+L28 -> 0
A29: 29 | B29: BIPLAB DEV | C29: 42430 | D29: 44288 | E29: 44435 | J29: =E29-D29 -> 147 | K29: =G29-F29 -> 0 | L29: =I29-H29 -> 0 | M29: =J29+K29+L29 -> 147
A30: 30 | B30: PARAMESH CHANDRAIAH NASPURI | C30: 42522 | D30: 44197 | E30: 44220 | J30: =E30-D30 -> 23 | K30: =G30-F30 -> 0 | L30: =I30-H30 -> 0 | M30: =J30+K30+L30 -> 23
A31: 31 | B31: MUHD USMAN | C31: 42614 | J31: =E31-D31 -> 0 | K31: =G31-F31 -> 0 | L31: =I31-H31 -> 0 | M31: =J31+K31+L31 -> 0
A32: 32 | B32: IMRAN KHAN | C32: 42644 | D32: 44197 | E32: 44227 | J32: =E32-D32 -> 30 | K32: =G32-F32 -> 0 | L32: =I32-H32 -> 0 | M32: =J32+K32+L32 -> 30
A33: 33 | B33: Muhammad Sabir Muhammad | C33: 42675 | D33: 44390 | E33: 44521 | J33: =E33-D33 -> 131 | K33: =G33-F33 -> 0 | L33: =I33-H33 -> 0 | M33: =J33+K33+L33 -> 131
A34: 34 | B34: VIJAY SINGAM | C34: 42856 | D34: 44470 | E34: 44561 | J34: =E34-D34 -> 91 | K34: =G34-F34 -> 0 | L34: =I34-H34 -> 0 | M34: =J34+K34+L34 -> 91
A35: 35 | B35: SUNIL KUMAR | C35: 42948 | D35: 44197 | E35: 44227 | J35: =E35-D35 -> 30 | K35: =G35-F35 -> 0 | L35: =I35-H35 -> 0 | M35: =J35+K35+L35 -> 30
A36: 36 | B36: UMESH NAIK | C36: 42948 | J36: =E36-D36 -> 0 | K36: =G36-F36 -> 0 | L36: =I36-H36 -> 0 | M36: =J36+K36+L36 -> 0
A37: 37 | B37: AKASH RAVINDRA TAMBEKAR | C37: 42979 | J37: =E37-D37 -> 0 | K37: =G37-F37 -> 0 | L37: =I37-H37 -> 0 | M37: =J37+K37+L37 -> 0
A38: 38 | B38: THIRUPATHI JAINAPURAPU | C38: 43101 | J38: =E38-D38 -> 0 | K38: =G38-F38 -> 0 | L38: =I38-H38 -> 0 | M38: =J38+K38+L38 -> 0
A39: 39 | B39: SAIKUMAR EDUGUNURI | C39: 43101 | J39: =E39-D39 -> 0 | K39: =G39-F39 -> 0 | L39: =I39-H39 -> 0 | M39: =J39+K39+L39 -> 0
A40: 40 | B40: TAHER KHAN | C40: 43132 | D40: 44468 | E40: 44492 | J40: =E40-D40 -> 24 | K40: =G40-F40 -> 0 | L40: =I40-H40 -> 0 | M40: =J40+K40+L40 -> 24
A41: 41 | B41: GANESH KANUJIA | C41: 43191 | J41: =E41-D41 -> 0 | K41: =G41-F41 -> 0 | L41: =I41-H41 -> 0 | M41: =J41+K41+L41 -> 0
A42: 42 | B42: ZEESHAN | C42: 43282 | D42: 44220 | E42: 44227 | J42: =E42-D42 -> 7 | K42: =G42-F42 -> 0 | L42: =I42-H42 -> 0 | M42: =J42+K42+L42 -> 7
A43: 43 | B43: NOOH | C43: 43282 | D43: 44197 | E43: 44252 | J43: =E43-D43 -> 55 | K43: =G43-F43 -> 0 | L43: =I43-H43 -> 0 | M43: =J43+K43+L43 -> 55
A44: 44 | B44: KAREEM CHOKKIYAN | C44: 43466 | D44: 44534 | E44: 44561 | J44: =E44-D44 -> 27 | K44: =G44-F44 -> 0 | L44: =I44-H44 -> 0 | M44: =J44+K44+L44 -> 27
A45: 45 | B45: MIDHUN | C45: 43497 | D45: 44288 | E45: 44426 | J45: =E45-D45 -> 138 | K45: =G45-F45 -> 0 | L45: =I45-H45 -> 0 | M45: =J45+K45+L45 -> 138
A46: 46 | B46: MUHAMMED BASITH NAUSAHD | C46: 43556 | D46: 44432 | E46: 44488 | J46: =E46-D46 -> 56 | K46: =G46-F46 -> 0 | L46: =I46-H46 -> 0 | M46: =J46+K46+L46 -> 56
A47: 47 | B47: ABU SALIH(MERCHANDISER ) | C47: 43647 | J47: =E47-D47 -> 0 | K47: =G47-F47 -> 0 | L47: =I47-H47 -> 0 | M47: =J47+K47+L47 -> 0
A48: 48 | B48: ABID MUHAMMAD(MERCHANDISER ) | C48: 43647 | D48: 44439 | E48: 44530 | J48: =E48-D48 -> 91 | K48: =G48-F48 -> 0 | L48: =I48-H48 -> 0 | M48: =J48+K48+L48 -> 91
A49: 49 | B49: SHIYAS (MERCHANDISER ) | C49: 43647 | J49: =E49-D49 -> 0 | K49: =G49-F49 -> 0 | L49: =I49-H49 -> 0 | M49: =J49+K49+L49 -> 0
A50: 50 | B50: ATHUL ELLIKANDAVIDA | C50: 43617 | J50: =E50-D50 -> 0 | K50: =G50-F50 -> 0 | L50: =I50-H50 -> 0 | M50: =J50+K50+L50 -> 0
A51: 51 | B51: ANKIT KANOJIYA | C51: 43739 | J51: =E51-D51 -> 0 | K51: =G51-F51 -> 0 | L51: =I51-H51 -> 0 | M51: =J51+K51+L51 -> 0
A52: 52 | B52: VAMSHI VADNALA GANGADHAR VADNALA | C52: 43800 | J52: =E52-D52 -> 0 | K52: =G52-F52 -> 0 | L52: =I52-H52 -> 0 | M52: =J52+K52+L52 -> 0
A53: 53 | B53: PARSHAN TAMANG BHULAN TAMANG | C53: 43891 | J53: =E53-D53 -> 0 | K53: =G53-F53 -> 0 | L53: =I53-H53 -> 0 | M53: =J53+K53+L53 -> 0
A54: 54 | B54: Shoukkath Ali | C54: 44075 | J54: =E54-D54 -> 0 | K54: =G54-F54 -> 0 | L54: =I54-H54 -> 0 | M54: =J54+K54+L54 -> 0
A55: 55 | B55: MOHAMMED RAHIM | C55: 44105 | J55: =E55-D55 -> 0 | K55: =G55-F55 -> 0 | L55: =I55-H55 -> 0 | M55: =J55+K55+L55 -> 0
A56: 56 | B56: SANJAY SHIV POOJAN | C56: 44136 | J56: =E56-D56 -> 0 | K56: =G56-F56 -> 0 | L56: =I56-H56 -> 0 | M56: =J56+K56+L56 -> 0
A57: 57 | B57: VISHAL RAVINDRA TAMBEKAR | C57: 44136 | J57: =E57-D57 -> 0 | K57: =G57-F57 -> 0 | L57: =I57-H57 -> 0 | M57: =J57+K57+L57 -> 0
A58: 58 | B58: MUHAMMED RISHAM | C58: 44197 | J58: =E58-D58 -> 0 | K58: =G58-F58 -> 0 | L58: =I58-H58 -> 0 | M58: =J58+K58+L58 -> 0
A59: 59 | B59: RAVI JAISWAL | C59: 44210 | J59: =E59-D59 -> 0 | K59: =G59-F59 -> 0 | L59: =I59-H59 -> 0 | M59: =J59+K59+L59 -> 0
A60: 60 | B60: BYJU KAKKOTH | C60: 44197 | J60: =E60-D60 -> 0 | K60: =G60-F60 -> 0 | L60: =I60-H60 -> 0 | M60: =J60+K60+L60 -> 0
... A81: 81 | B81: ZAFAR IQBAL MOHAMMAD | C81: 39083 | J81: =E81-D81 -> 0 | K81: =G81-F81 -> 0 | L81: =I81-H81 -> 0 | M81: =J81+K81+L81 -> 0
A82: 82 | B82: BASHARAT AHMED AHMADULLAH KHAN | C82: 39083 | D82: 44517 | E82: 44549 | J82: =E82-D82 -> 32 | K82: =G82-F82 -> 0 | L82: =I82-H82 -> 0 | M82: =J82+K82+L82 -> 32
A83: 83 | B83: MUHAMMAD NASIR TAJ | C83: 40940 | J83: =E83-D83 -> 0 | K83: =G83-F83 -> 0 | L83: =I83-H83 -> 0 | M83: =J83+K83+L83 -> 0
A84: 84 | B84: RAMEEZ ZAFAR IQBAL | C84: 40848 | J84: =E84-D84 -> 0 | K84: =G84-F84 -> 0 | L84: =I84-H84 -> 0 | M84: =J84+K84+L84 -> 0
A85: 85 | B85: MOHSIN BASHIR SARDAR | C85: 39173 | J85: =E85-D85 -> 0 | K85: =G85-F85 -> 0 | L85: =I85-H85 -> 0 | M85: =J85+K85+L85 -> 0
A86: 86 | B86: MUHAMMAD QAMAR UZ ZAMAN | C86: 44075 | J86: =E86-D86 -> 0 | K86: =G86-F86 -> 0 | L86: =I86-H86 -> 0 | M86: =J86+K86+L86 -> 0
A87: 87 | B87: MANOJ | C87: 44378 | J87: =E87-D87 -> 0 | K87: =G87-F87 -> 0 | L87: =I87-H87 -> 0 | M87: =J87+K87+L87 -> 0
A88: 88 | B88: RAJESH KANAKKODI | C88: 39083 | D88: 44285 | E88: 44303 | J88: =E88-D88 -> 18 | K88: =G88-F88 -> 0 | L88: =I88-H88 -> 0 | M88: =J88+K88+L88 -> 18
A89: 89 | B89: PRAMOD VATTAKKANDATHIL | C89: 40544 | D89: 44510 | E89: 44561 | J89: =E89-D89 -> 51 | K89: =G89-F89 -> 0 | L89: =I89-H89 -> 0 | M89: =J89+K89+L89 -> 51
A90: 90 | B90: JAGEESH PANDIKA THARAMMAL | C90: 41456 | J90: =E90-D90 -> 0 | K90: =G90-F90 -> 0 | L90: =I90-H90 -> 0 | M90: =J90+K90+L90 -> 0
A91: 91 | B91: RAHUL ARIMBOOTH | C91: 42979 | J91: =E91-D91 -> 0 | K91: =G91-F91 -> 0 | L91: =I91-H91 -> 0 | M91: =J91+K91+L91 -> 0
A92: 92 | B92: MAHTAB AHMED MAROOF | C92: 44013 | J92: =E92-D92 -> 0 | K92: =G92-F92 -> 0 | L92: =I92-H92 -> 0 | M92: =J92+K92+L92 -> 0
A93: 93 | B93: SULOVE CHHETRI | C93: 44013 | J93: =E93-D93 -> 0 | K93: =G93-F93 -> 0 | L93: =I93-H93 -> 0 | M93: =J93+K93+L93 -> 0
A94: 94 | B94: ASHOK ALANILKUNNATHIL | C94: 44105 | J94: =E94-D94 -> 0 | K94: =G94-F94 -> 0 | L94: =I94-H94 -> 0 | M94: =J94+K94+L94 -> 0
A95: 95 | B95: SUNIL GOPALAN KOLOTHODY | C95: 40210 | D95: 44305 | E95: 44432 | J95: =E95-D95 -> 127 | K95: =G95-F95 -> 0 | L95: =I95-H95 -> 0 | M95: =J95+K95+L95 -> 127
A96: 96 | B96: AJITH | C96: 44470 | J96: =E96-D96 -> 0 | K96: =G96-F96 -> 0 | L96: =I96-H96 -> 0 | M96: =J96+K96+L96 -> 0
A97: 97 | B97: SURESH NARESH KHODICHERLA | C97: 39083 | D97: 44457 | E97: 44501 | J97: =E97-D97 -> 44 | K97: =G97-F97 -> 0 | L97: =I97-H97 -> 0 | M97: =J97+K97+L97 -> 44
A98: 98 | B98: VENKATESH | C98: 43983 | J98: =E98-D98 -> 0 | K98: =G98-F98 -> 0 | L98: =I98-H98 -> 0 | M98: =J98+K98+L98 -> 0
A99: 99 | B99: KRISHNA GAUATAM | C99: 42856 | J99: =E99-D99 -> 0 | K99: =G99-F99 -> 0 | L99: =I99-H99 -> 0 | M99: =J99+K99+L99 -> 0
A100: 100 | B100: BIPLAB TAMANG | C100: 41609 | J100: =E100-D100 -> 0 | K100: =G100-F100 -> 0 | L100: =I100-H100 -> 0 | M100: =J100+K100+L100 -> 0
A101: 101 | B101: SAJJAD HUSSAIN MUHAMMAD KHAN | C101: 39083 | D101: 44197 | E101: 44209 | J101: =E101-D101 -> 12 | K101: =G101-F101 -> 0 | L101: =I101-H101 -> 0 | M101: =J101+K101+L101 -> 12
A102: 102 | B102: MOHAMMAD SAJID MAHMOOD | C102: 39083 | J102: =E102-D102 -> 0 | K102: =G102-F102 -> 0 | L102: =I102-H102 -> 0 | M102: =J102+K102+L102 -> 0
A103: 103 | B103: MUHAMMAD FARYAD MUHAMMAD | C103: 39326 | J103: =E103-D103 -> 0 | K103: =G103-F103 -> 0 | L103: =I103-H103 -> 0 | M103: =J103+K103+L103 -> 0
A104: 104 | B104: SRINIVAS GUNDARAPU BALAIAH | C104: 39783 | D104: 44509 | E104: 44531 | J104: =E104-D104 -> 22 | K104: =G104-F104 -> 0 | L104: =I104-H104 -> 0 | M104: =J104+K104+L104 -> 22
A105: 105 | B105: MUHAMMED NADEEM | C105: 40695 | D105: 44268 | E105: 44431 | J105: =E105-D105 -> 163 | K105: =G105-F105 -> 0 | L105: =I105-H105 -> 0 | M105: =J105+K105+L105 -> 163
A106: 106 | B106: MUHAMMAD KHITAB | C106: 41791 | J106: =E106-D106 -> 0 | K106: =G106-F106 -> 0 | L106: =I106-H106 -> 0 | M106: =J106+K106+L106 -> 0
A107: 107 | B107: UMAIR RIAZ | C107: 41852 | J107: =E107-D107 -> 0 | K107: =G107-F107 -> 0 | L107: =I107-H107 -> 0 | M107: =J107+K107+L107 -> 0
A108: 108 | B108: Muhammad Ishtiaq | C108: 42156 | J108: =E108-D108 -> 0 | K108: =G108-F108 -> 0 | L108: =I108-H108 -> 0 | M108: =J108+K108+L108 -> 0
A109: 109 | B109: Irfan Sajjad | C109: 42140 | D109: 44197 | E109: 44255 | J109: =E109-D109 -> 58 | K109: =G109-F109 -> 0 | L109: =I109-H109 -> 0 | M109: =J109+K109+L109 -> 58
A110: 110 | B110: MUHD YASIN | C110: 42461 | J110: =E110-D110 -> 0 | K110: =G110-F110 -> 0 | L110: =I110-H110 -> 0 | M110: =J110+K110+L110 -> 0
A111: 111 | B111: NARSIAH JAISETTI | C111: 43040 | J111: =E111-D111 -> 0 | K111: =G111-F111 -> 0 | L111: =I111-H111 -> 0 | M111: =J111+K111+L111 -> 0
A112: 112 | B112: DINARAJ JAYARAJ DIVAKARAN | C112: 43678 | J112: =E112-D112 -> 0 | K112: =G112-F112 -> 0 | L112: =I112-H112 -> 0 | M112: =J112+K112+L112 -> 0
A113: 113 | B113: MUHAMMAD MEHTAB MUHAMMAD | C113: 44256 | J113: =E113-D113 -> 0 | K113: =G113-F113 -> 0 | L113: =I113-H113 -> 0 | M113: =J113+K113+L113 -> 0
A114: 114 | B114: KADATHALA- SHEKAR (WAREHOUSE) | C114: 44348 | J114: =E114-D114 -> 0 | K114: =G114-F114 -> 0 | L114: =I114-H114 -> 0 | M114: =J114+K114+L114 -> 0
A115: 115 | B115: MEHTAB AHMED | C115: 44470 | J115: =E115-D115 -> 0 | K115: =G115-F115 -> 0 | L115: =I115-H115 -> 0 | M115: =J115+K115+L115 -> 0
A116: 116 | B116: NABEEL KAFEEL | C116: 44470 | J116: =E116-D116 -> 0 | K116: =G116-F116 -> 0 | L116: =I116-H116 -> 0 | M116: =J116+K116+L116 -> 0
A121: 26 | B121: Mallesh | C121: 42064 | J121: =E121-D121 -> 0 | K121: =G121-F121 -> 0 | L121: =I121-H121 -> 0 | M121: =J121+K121+L121 -> 0
A122: 50 | B122: SHEKAR VEMULWADA | C122: 43405 | J122: =E122-D122 -> 0 | K122: =G122-F122 -> 0 | L122: =I122-H122 -> 0 | M122: =J122+K122+L122 -> 0
A123: 71 | B123: JITHIN KUNHI PURAYIL | C123: 43617 | J123: =E123-D123 -> 0 | K123: =G123-F123 -> 0 | L123: =I123-H123 -> 0 | M123: =J123+K123+L123 -> 0
A124: 89 | B124: MEHTAB AHMED | C124: 40664 | J124: =E124-D124 -> 0 | K124: =G124-F124 -> 0 | L124: =I124-H124 -> 0 | M124: =J124+K124+L124 -> 0
...

Sheet 2020
A1: S.NO. | B1: STAFF NAME | C1: JOINING DATE | D1: 1ST LEAVE | F1: 2ND LEAVE | H1: 3RD LEAVE | J1: 1 | K1: 2 | L1: 3 | M1: TOTAL | N1: REMARK
A2: 1 | B2: KANTESH NIHALCHANDANI | C2: 39295 | D2: 0 | E2: 0 | J2: =E2-D2 -> 0 | K2: =G2-F2 -> 0 | L2: =I2-H2 -> 0 | M2: =J2+K2+L2 -> 0
A3: 2 | B3: PAWAN KUMAR | C3: 41883 | D3: 43853 | E3: 43884 | F3: 44174 | G3: 44180 | J3: =E3-D3 -> 31 | K3: =G3-F3 -> 6 | L3: =I3-H3 -> 0 | M3: =J3+K3+L3 -> 37
A4: 3 | B4: SREEKANTH | C4: 41883 | J4: =E4-D4 -> 0 | K4: =G4-F4 -> 0 | L4: =I4-H4 -> 0 | M4: =J4+K4+L4 -> 0
A5: 4 | B5: ARUN KANNOTHIL | C5: 42186 | D5: 43853 | E5: 43899 | J5: =E5-D5 -> 46 | K5: =G5-F5 -> 0 | L5: =I5-H5 -> 0 | M5: =J5+K5+L5 -> 46
A6: 5 | B6: SANDEEP | C6: 42736 | D6: 44156 | E6: 44170 | J6: =E6-D6 -> 14 | K6: =G6-F6 -> 0 | L6: =I6-H6 -> 0 | M6: =J6+K6+L6 -> 14
A7: 6 | B7: ABIRAL THAPA | C7: 40695 | D7: 43889 | E7: 44065 | J7: =E7-D7 -> 176 | K7: =G7-F7 -> 0 | L7: =I7-H7 -> 0 | M7: =J7+K7+L7 -> 176
A8: 7 | B8: SANJAY MIRCHUMAL PUNJABI | C8: 39083 | D8: 43862 | E8: 43865 | J8: =E8-D8 -> 3 | K8: =G8-F8 -> 0 | L8: =I8-H8 -> 0 | M8: =J8+K8+L8 -> 3
A9: 8 | B9: KADER NAMTURUTHI | C9: 39083 | D9: 43867 | E9: 43873 | J9: =E9-D9 -> 6 | K9: =G9-F9 -> 0 | L9: =I9-H9 -> 0 | M9: =J9+K9+L9 -> 6
A10: 9 | B10: MAHESH CHAINANI | C10: 39083 | J10: =E10-D10 -> 0 | K10: =G10-F10 -> 0 | L10: =I10-H10 -> 0 | M10: =J10+K10+L10 -> 0
A11: 10 | B11: JITESH CHAWLA | C11: 39083 | J11: =E11-D11 -> 0 | K11: =G11-F11 -> 0 | L11: =I11-H11 -> 0 | M11: =J11+K11+L11 -> 0
A12: 11 | B12: VIJAY KUMAR ASHOK KUMAR | C12: 39142 | D12: 43831 | E12: 43832 | J12: =E12-D12 -> 1 | K12: =G12-F12 -> 0 | L12: =I12-H12 -> 0 | M12: =J12+K12+L12 -> 1
A13: 12 | B13: ASHFAQ AHMED | C13: 42036 | D13: 43831 | E13: 43832 | F13: 44049 | G13: 44068 | J13: =E13-D13 -> 1 | K13: =G13-F13 -> 19 | L13: =I13-H13 -> 0 | M13: =J13+K13+L13 -> 20
A14: 13 | B14: HITESH TEKWANI | C14: 43252 | F14: 44126 | G14: 44163 | J14: =E14-D14 -> 0 | K14: =G14-F14 -> 37 | L14: =I14-H14 -> 0 | M14: =J14+K14+L14 -> 37
A15: 14 | B15: NISHITH SURENDRANATHAN | C15: 39083 | J15: =E15-D15 -> 0 | K15: =G15-F15 -> 0 | L15: =I15-H15 -> 0 | M15: =J15+K15+L15 -> 0
A16: 15 | B16: ASLAMBHAI SHEIKH | C16: 41334 | J16: =E16-D16 -> 0 | K16: =G16-F16 -> 0 | L16: =I16-H16 -> 0 | M16: =J16+K16+L16 -> 0
A17: 16 | B17: THOUFEEK POTTAMMAL | C17: 40210 | J17: =E17-D17 -> 0 | K17: =G17-F17 -> 0 | L17: =I17-H17 -> 0 | M17: =J17+K17+L17 -> 0
A18: 17 | B18: PRAVEEN KUMAR PALERI PALODAN | C18: 40483 | J18: =E18-D18 -> 0 | K18: =G18-F18 -> 0 | L18: =I18-H18 -> 0 | M18: =J18+K18+L18 -> 0
A19: 18 | B19: SAMAD CHONAKADAVATH SADIRI (SALESMAN) | C19: 43647 | J19: =E19-D19 -> 0 | K19: =G19-F19 -> 0 | L19: =I19-H19 -> 0 | M19: =J19+K19+L19 -> 0
A20: 19 | B20: TAPAN DEV | C20: 41000 | J20: =E20-D20 -> 0 | K20: =G20-F20 -> 0 | L20: =I20-H20 -> 0 | M20: =J20+K20+L20 -> 0
A21: 20 | B21: UMESH PAYYAM VALAPPIL | C21: 41214 | J21: =E21-D21 -> 0 | K21: =G21-F21 -> 0 | L21: =I21-H21 -> 0 | M21: =J21+K21+L21 -> 0
A22: 21 | B22: PRABHAKAR POONAM ANJAIAH POONAM | C22: 41244 | J22: =E22-D22 -> 0 | K22: =G22-F22 -> 0 | L22: =I22-H22 -> 0 | M22: =J22+K22+L22 -> 0
A23: 22 | B23: MUHAMMAD NIYAS KURIYAKATH | C23: 41518 | D23: 43862 | E23: 44040 | J23: =E23-D23 -> 178 | K23: =G23-F23 -> 0 | L23: =I23-H23 -> 0 | M23: =J23+K23+L23 -> 178
A24: 23 | B24: VINOD KUNHAPPU KUNHAPPU | C24: 41548 | D24: 43831 | E24: 43839 | J24: =E24-D24 -> 8 | K24: =G24-F24 -> 0 | L24: =I24-H24 -> 0 | M24: =J24+K24+L24 -> 8
A25: 24 | B25: KABEER | C25: 41883 | D25: 43831 | E25: 43861 | J25: =E25-D25 -> 30 | K25: =G25-F25 -> 0 | L25: =I25-H25 -> 0 | M25: =J25+K25+L25 -> 30
A26: 25 | B26: Gangarajan | C26: 41913 | J26: =E26-D26 -> 0 | K26: =G26-F26 -> 0 | L26: =I26-H26 -> 0 | M26: =J26+K26+L26 -> 0
A27: 26 | B27: SHIJU | C27: 42005 | J27: =E27-D27 -> 0 | K27: =G27-F27 -> 0 | L27: =I27-H27 -> 0 | M27: =J27+K27+L27 -> 0
A28: 27 | B28: Mallesh | C28: 42064 | J28: =E28-D28 -> 0 | K28: =G28-F28 -> 0 | L28: =I28-H28 -> 0 | M28: =J28+K28+L28 -> 0
A29: 28 | B29: AJNAS | C29: 42156 | J29: =E29-D29 -> 0 | K29: =G29-F29 -> 0 | L29: =I29-H29 -> 0 | M29: =J29+K29+L29 -> 0
A30: 29 | B30: Muhammad Shalim | C30: 42248 | D30: 43831 | E30: 43893 | J30: =E30-D30 -> 62 | K30: =G30-F30 -> 0 | L30: =I30-H30 -> 0 | M30: =J30+K30+L30 -> 62
A31: 30 | B31: VIKAS | C31: 42324 | J31: =E31-D31 -> 0 | K31: =G31-F31 -> 0 | L31: =I31-H31 -> 0 | M31: =J31+K31+L31 -> 0
A32: 31 | B32: MOHD JABID MOIDU KUNHI | C32: 41760 | J32: =E32-D32 -> 0 | K32: =G32-F32 -> 0 | L32: =I32-H32 -> 0 | M32: =J32+K32+L32 -> 0
A33: 32 | B33: SUBHADIN CHUNNUM TAMANG | C33: 41760 | J33: =E33-D33 -> 0 | K33: =G33-F33 -> 0 | L33: =I33-H33 -> 0 | M33: =J33+K33+L33 -> 0
A34: 33 | B34: ARUN KANNOTHIL | C34: 40878 | D34: 43840 | E34: 43861 | J34: =E34-D34 -> 21 | K34: =G34-F34 -> 0 | L34: =I34-H34 -> 0 | M34: =J34+K34+L34 -> 21
A35: 34 | B35: BIPLAB DEV | C35: 42430 | J35: =E35-D35 -> 0 | K35: =G35-F35 -> 0 | L35: =I35-H35 -> 0 | M35: =J35+K35+L35 -> 0
A36: 35 | B36: PARAMESH CHANDRAIAH NASPURI | C36: 42522 | D36: 44156 | E36: 44196 | J36: =E36-D36 -> 40 | K36: =G36-F36 -> 0 | L36: =I36-H36 -> 0 | M36: =J36+K36+L36 -> 40 | N36: NOT YET JOIN
A37: 36 | B37: MUHD USMAN | C37: 42614 | D37: 43831 | E37: 43832 | J37: =E37-D37 -> 1 | K37: =G37-F37 -> 0 | L37: =I37-H37 -> 0 | M37: =J37+K37+L37 -> 1
A38: 37 | B38: IMRAN KHAN | C38: 42644 | D38: 44164 | E38: 44196 | J38: =E38-D38 -> 32 | K38: =G38-F38 -> 0 | L38: =I38-H38 -> 0 | M38: =J38+K38+L38 -> 32 | N38: NOT YET JOIN
A39: 38 | B39: Muhammad Sabir Muhammad | C39: 42675 | J39: =E39-D39 -> 0 | K39: =G39-F39 -> 0 | L39: =I39-H39 -> 0 | M39: =J39+K39+L39 -> 0
A40: 39 | B40: ABDUL ZUBIR | C40: 42795 | J40: =E40-D40 -> 0 | K40: =G40-F40 -> 0 | L40: =I40-H40 -> 0 | M40: =J40+K40+L40 -> 0
A41: 40 | B41: RAJEEVAN | C41: 42856 | D41: 44156 | E41: 44196 | J41: =E41-D41 -> 40 | K41: =G41-F41 -> 0 | L41: =I41-H41 -> 0 | M41: =J41+K41+L41 -> 40 | N41: NOT YET JOIN
A42: 41 | B42: VIJAY SINGAM | C42: 42856 | J42: =E42-D42 -> 0 | K42: =G42-F42 -> 0 | L42: =I42-H42 -> 0 | M42: =J42+K42+L42 -> 0
A43: 42 | B43: SUNIL KUMAR | C43: 42948 | J43: =E43-D43 -> 0 | K43: =G43-F43 -> 0 | L43: =I43-H43 -> 0 | M43: =J43+K43+L43 -> 0
A44: 43 | B44: UMESH NAIK | C44: 42948 | J44: =E44-D44 -> 0 | K44: =G44-F44 -> 0 | L44: =I44-H44 -> 0 | M44: =J44+K44+L44 -> 0
A45: 44 | B45: AKASH RAVINDRA TAMBEKAR | C45: 42979 | J45: =E45-D45 -> 0 | K45: =G45-F45 -> 0 | L45: =I45-H45 -> 0 | M45: =J45+K45+L45 -> 0
A46: 45 | B46: THIRUPATHI JAINAPURAPU | C46: 43101 | J46: =E46-D46 -> 0 | K46: =G46-F46 -> 0 | L46: =I46-H46 -> 0 | M46: =J46+K46+L46 -> 0
A47: 46 | B47: SAIKUMAR EDUGUNURI | C47: 43101 | D47: 43902 | E47: 44067 | J47: =E47-D47 -> 165 | K47: =G47-F47 -> 0 | L47: =I47-H47 -> 0 | M47: =J47+K47+L47 -> 165
A48: 47 | B48: TAHER KHAN | C48: 43132 | J48: =E48-D48 -> 0 | K48: =G48-F48 -> 0 | L48: =I48-H48 -> 0 | M48: =J48+K48+L48 -> 0
A49: 48 | B49: GANESH KANUJIA | C49: 43191 | D49: 44067 | E49: 44164 | J49: =E49-D49 -> 97 | K49: =G49-F49 -> 0 | L49: =I49-H49 -> 0 | M49: =J49+K49+L49 -> 97
A50: 49 | B50: ZEESHAN | C50: 43282 | J50: =E50-D50 -> 0 | K50: =G50-F50 -> 0 | L50: =I50-H50 -> 0 | M50: =J50+K50+L50 -> 0
A51: 50 | B51: NOOH | C51: 43282 | D51: 44169 | E51: 44196 | J51: =E51-D51 -> 27 | K51: =G51-F51 -> 0 | L51: =I51-H51 -> 0 | M51: =J51+K51+L51 -> 27 | N51: NOT YET JOIN
A52: 51 | B52: SHEKAR VEMULWADA | C52: 43405 | J52: =E52-D52 -> 0 | K52: =G52-F52 -> 0 | L52: =I52-H52 -> 0 | M52: =J52+K52+L52 -> 0
A53: 52 | B53: KAREEM CHOKKIYAN | C53: 43466 | J53: =E53-D53 -> 0 | K53: =G53-F53 -> 0 | L53: =I53-H53 -> 0 | M53: =J53+K53+L53 -> 0
A54: 53 | B54: MIDHUN
A55: 54 | B55: MUHAMMED BASITH NAUSAHD | C55: 43556 | D55: 43831 | E55: 43837 | J55: =E55-D55 -> 6 | K55: =G55-F55 -> 0 | L55: =I55-H55 -> 0 | M55: =J55+K55+L55 -> 6
A56: 55 | B56: MUHAMMED FAYAS KUNDUVALPPIL | C56: 43617 | J56: =E56-D56 -> 0 | K56: =G56-F56 -> 0 | L56: =I56-H56 -> 0 | M56: =J56+K56+L56 -> 0
A57: 56 | B57: ABU SALIH(MERCHANDISER ) | C57: 43647 | J57: =E57-D57 -> 0 | K57: =G57-F57 -> 0 | L57: =I57-H57 -> 0 | M57: =J57+K57+L57 -> 0
A58: 57 | B58: ABID MUHAMMAD(MERCHANDISER ) | C58: 43647 | J58: =E58-D58 -> 0 | K58: =G58-F58 -> 0 | L58: =I58-H58 -> 0 | M58: =J58+K58+L58 -> 0
A59: 58 | B59: SHIYAS (MERCHANDISER ) | C59: 43647 | J59: =E59-D59 -> 0 | K59: =G59-F59 -> 0 | L59: =I59-H59 -> 0 | M59: =J59+K59+L59 -> 0
A60: 59 | B60: ATHUL ELLIKANDAVIDA | C60: 43617 | J60: =E60-D60 -> 0 | K60: =G60-F60 -> 0 | L60: =I60-H60 -> 0 | M60: =J60+K60+L60 -> 0
A61: 60 | B61: ANKIT KANOJIYA | C61: 43739 | J61: =E61-D61 -> 0 | K61: =G61-F61 -> 0 | L61: =I61-H61 -> 0 | M61: =J61+K61+L61 -> 0
A62: 61 | B62: VAMSHI VADNALA GANGADHAR VADNALA | C62: 43800 | J62: =E62-D62 -> 0 | K62: =G62-F62 -> 0 | L62: =I62-H62 -> 0 | M62: =J62+K62+L62 -> 0
A63: 62 | B63: PARSHAN TAMANG BHULAN TAMANG | C63: 43891
A64: 63 | B64: SHAHANAS PUNNA KKAN
A65: 64 | B65: MOHAMMED RAHIM
A66: 65 | B66: ZAFAR IQBAL MOHAMMAD | C66: 39083 | D66: 43875 | E66: 44082 | J66: =E66-D66 -> 207 | K66: =G66-F66 -> 0 | L66: =I66-H66 -> 0 | M66: =J66+K66+L66 -> 207
A67: 66 | B67: BASHARAT AHMED AHMADULLAH KHAN | C67: 39083 | J67: =E67-D67 -> 0 | K67: =G67-F67 -> 0 | L67: =I67-H67 -> 0 | M67: =J67+K67+L67 -> 0
A68: 67 | B68: MUHAMMAD NASIR TAJ | C68: 40940 | J68: =E68-D68 -> 0 | K68: =G68-F68 -> 0 | L68: =I68-H68 -> 0 | M68: =J68+K68+L68 -> 0
A69: 68 | B69: RAMEEZ ZAFAR IQBAL | C69: 40848 | D69: 44035 | E69: 44137 | J69: =E69-D69 -> 102 | K69: =G69-F69 -> 0 | L69: =I69-H69 -> 0 | M69: =J69+K69+L69 -> 102
A70: 69 | B70: MOHSIN BASHIR SARDAR | C70: 39173 | J70: =E70-D70 -> 0 | K70: =G70-F70 -> 0 | L70: =I70-H70 -> 0 | M70: =J70+K70+L70 -> 0
A71: 70 | B71: JITHIN KUNHI PURAYIL | C71: 43617 | J71: =E71-D71 -> 0 | K71: =G71-F71 -> 0 | L71: =I71-H71 -> 0 | M71: =J71+K71+L71 -> 0
A72: 71 | B72: MUHAMMAD QAMAR UZ ZAMAN
A73: 72 | B73: RAJESH KANAKKODI | C73: 39083 | J73: =E73-D73 -> 0 | K73: =G73-F73 -> 0 | L73: =I73-H73 -> 0 | M73: =J73+K73+L73 -> 0
A74: 73 | B74: PRAMOD VATTAKKANDATHIL | C74: 40544 | J74: =E74-D74 -> 0 | K74: =G74-F74 -> 0 | L74: =I74-H74 -> 0 | M74: =J74+K74+L74 -> 0
A75: 74 | B75: JAGEESH PANDIKA THARAMMAL | C75: 41456 | J75: =E75-D75 -> 0 | K75: =G75-F75 -> 0 | L75: =I75-H75 -> 0 | M75: =J75+K75+L75 -> 0
A76: 75 | B76: RAHUL ARIMBOOTH | C76: 42979 | D76: 43831 | E76: 43888 | J76: =E76-D76 -> 57 | K76: =G76-F76 -> 0 | L76: =I76-H76 -> 0 | M76: =J76+K76+L76 -> 57
A77: 76 | B77: MAHTAB AHMED MAROOF
A78: 77 | B78: SULOVE CHHETRI
A79: 78 | B79: ASHOK ALANILKUNNATHIL
A80: 79 | B80: SURESH NARESH KHODICHERLA | C80: 39083 | J80: =E80-D80 -> 0 | K80: =G80-F80 -> 0 | L80: =I80-H80 -> 0 | M80: =J80+K80+L80 -> 0
A81: 80 | B81: VENKATESH
A82: 81 | B82: KRISHNA GAUATAM | C82: 42856 | J82: =E82-D82 -> 0 | K82: =G82-F82 -> 0 | L82: =I82-H82 -> 0 | M82: =J82+K82+L82 -> 0
A83: 82 | B83: BIPLAB TAMANG | C83: 41609 | J83: =E83-D83 -> 0 | K83: =G83-F83 -> 0 | L83: =I83-H83 -> 0 | M83: =J83+K83+L83 -> 0
A84: 83 | B84: SUNIL GOPALAN KOLOTHODY | C84: 40210 | J84: =E84-D84 -> 0 | K84: =G84-F84 -> 0 | L84: =I84-H84 -> 0 | M84: =J84+K84+L84 -> 0
A85: 84 | B85: SAJJAD HUSSAIN MUHAMMAD KHAN | C85: 39083 | D85: 44133 | E85: 44196 | J85: =E85-D85 -> 63 | K85: =G85-F85 -> 0 | L85: =I85-H85 -> 0 | M85: =J85+K85+L85 -> 63 | N85: NOT YET JOIN
A86: 85 | B86: MOHAMMAD SAJID MAHMOOD | C86: 39083 | D86: 43862 | E86: 44037 | J86: =E86-D86 -> 175 | K86: =G86-F86 -> 0 | L86: =I86-H86 -> 0 | M86: =J86+K86+L86 -> 175
A87: 86 | B87: MUHAMMAD FARYAD MUHAMMAD | C87: 39326 | J87: =E87-D87 -> 0 | K87: =G87-F87 -> 0 | L87: =I87-H87 -> 0 | M87: =J87+K87+L87 -> 0
A88: 87 | B88: SRINIVAS GUNDARAPU BALAIAH | C88: 39783 | D88: 43862 | E88: 43902 | J88: =E88-D88 -> 40 | K88: =G88-F88 -> 0 | L88: =I88-H88 -> 0 | M88: =J88+K88+L88 -> 40
A89: 88 | B89: MEHTAB AHMED | C89: 40664 | J89: =E89-D89 -> 0 | K89: =G89-F89 -> 0 | L89: =I89-H89 -> 0 | M89: =J89+K89+L89 -> 0
A90: 89 | B90: MUHAMMED NADEEM | C90: 40695 | J90: =E90-D90 -> 0 | K90: =G90-F90 -> 0 | L90: =I90-H90 -> 0 | M90: =J90+K90+L90 -> 0
A91: 90 | B91: MUHAMMAD KHITAB | C91: 41791 | J91: =E91-D91 -> 0 | K91: =G91-F91 -> 0 | L91: =I91-H91 -> 0 | M91: =J91+K91+L91 -> 0
A92: 91 | B92: UMAIR RIAZ | C92: 41852 | D92: 44041 | E92: 44082 | J92: =E92-D92 -> 41 | K92: =G92-F92 -> 0 | L92: =I92-H92 -> 0 | M92: =J92+K92+L92 -> 41
A93: 92 | B93: Muhammad Ishtiaq | C93: 42156 | D93: 43831 | E93: 43883 | J93: =E93-D93 -> 52 | K93: =G93-F93 -> 0 | L93: =I93-H93 -> 0 | M93: =J93+K93+L93 -> 52
A94: 93 | B94: Irfan Sajjad | C94: 42140 | D94: 44168 | E94: 44196 | J94: =E94-D94 -> 28 | K94: =G94-F94 -> 0 | L94: =I94-H94 -> 0 | M94: =J94+K94+L94 -> 28 | N94: NOT YET JOIN
A95: 94 | B95: MUHD YASIN | C95: 42461 | J95: =E95-D95 -> 0 | K95: =G95-F95 -> 0 | L95: =I95-H95 -> 0 | M95: =J95+K95+L95 -> 0
A96: 95 | B96: TOQEER | C96: 43040 | J96: =E96-D96 -> 0 | K96: =G96-F96 -> 0 | L96: =I96-H96 -> 0 | M96: =J96+K96+L96 -> 0
A97: 96 | B97: NARSIAH JAISETTI | C97: 43040 | D97: 44109 | E97: 44188 | J97: =E97-D97 -> 79 | K97: =G97-F97 -> 0 | L97: =I97-H97 -> 0 | M97: =J97+K97+L97 -> 79
A98: 97 | B98: DINARAJ JAYARAJ DIVAKARAN | C98: 43678 | J98: =E98-D98 -> 0 | K98: =G98-F98 -> 0 | L98: =I98-H98 -> 0 | M98: =J98+K98+L98 -> 0
A103: 93 | B103: BABER BASHIR SARDAR | C103: 40544 | J103: =E103-D103 -> 0 | K103: =G103-F103 -> 0 | L103: =I103-H103 -> 0 | M103: =J103+K103+L103 -> 0
A104: 84 | B104: NIYAS KIDANHOTH MEETHAL | C104: 43617 | J104: =E104-D104 -> 0 | K104: =G104-F104 -> 0 | L104: =I104-H104 -> 0 | M104: =J104+K104+L104 -> 0
...

Sheet 2019
A1: S.NO. | B1: STAFF NAME | C1: JOINING DATE | D1: 1ST LEAVE | F1: 2ND LEAVE | H1: 3RD LEAVE | J1: 1 | K1: 2 | L1: 3 | M1: TOTAL | N1: REMARK
A2: 1 | B2: KANTESH NIHALCHANDANI | C2: 39295 | D2: 43482 | E2: 43486 | F2: 43652 | G2: 43654 | H2: 43680 | I2: 43700 | J2: =E2-D2 -> 4 | K2: =G2-F2 -> 2 | L2: =I2-H2 -> 20 | M2: =J2+K2+L2 -> 26
A3: 2 | B3: PAWAN KUMAR | C3: 41883 | D3: 43498 | E3: 43526 | J3: =E3-D3 -> 28 | K3: =G3-F3 -> 0 | L3: =I3-H3 -> 0 | M3: =J3+K3+L3 -> 28
A4: 3 | B4: SREEKANTH | C4: 41883 | D4: 43566 | E4: 43602 | F4: 43810 | G4: 43816 | J4: =E4-D4 -> 36 | K4: =G4-F4 -> 6 | L4: =I4-H4 -> 0 | M4: =J4+K4+L4 -> 42
A5: 4 | B5: ARUN KANNOTHIL | C5: 42186 | D5: 43568 | E5: 43595 | J5: =E5-D5 -> 27 | K5: =G5-F5 -> 0 | L5: =I5-H5 -> 0 | M5: =J5+K5+L5 -> 27
A6: 5 | B6: SANDEEP | C6: 42736 | D6: 43707 | E6: 43748 | J6: =E6-D6 -> 41 | K6: =G6-F6 -> 0 | L6: =I6-H6 -> 0 | M6: =J6+K6+L6 -> 41
A7: 6 | B7: ABIRAL THAPA | C7: 40695 | J7: =E7-D7 -> 0 | K7: =G7-F7 -> 0 | L7: =I7-H7 -> 0 | M7: =J7+K7+L7 -> 0
A8: 7 | B8: SANJAY MIRCHUMAL PUNJABI | C8: 39083 | D8: 43615 | E8: 43616 | F8: 43694 | G8: 43697 | J8: =E8-D8 -> 1 | K8: =G8-F8 -> 3 | L8: =I8-H8 -> 0 | M8: =J8+K8+L8 -> 4
A9: 8 | B9: KADER NAMTURUTHI | C9: 39083 | D9: 43586 | E9: 43647 | J9: =E9-D9 -> 61 | K9: =G9-F9 -> 0 | L9: =I9-H9 -> 0 | M9: =J9+K9+L9 -> 61
A10: 9 | B10: MAHESH CHAINANI | C10: 39083 | D10: 43547 | E10: 43551 | F10: 43586 | G10: 43589 | H10: 43768 | I10: 43774 | J10: =E10-D10 -> 4 | K10: =G10-F10 -> 3 | L10: =I10-H10 -> 6 | M10: =J10+K10+L10 -> 13
A11: 10 | B11: JITESH CHAWLA | C11: 39083 | J11: =E11-D11 -> 0 | K11: =G11-F11 -> 0 | L11: =I11-H11 -> 0 | M11: =J11+K11+L11 -> 0
A12: 11 | B12: VIJAY KUMAR ASHOK KUMAR | C12: 39142 | D12: 43812 | E12: 43830 | J12: =E12-D12 -> 18 | K12: =G12-F12 -> 0 | L12: =I12-H12 -> 0 | M12: =J12+K12+L12 -> 18
A13: 12 | B13: ASHFAQ AHMED | C13: 42036 | D13: 43466 | E13: 43471 | F13: 43690 | G13: 43696 | H13: 43819 | I13: 43830 | J13: =E13-D13 -> 5 | K13: =G13-F13 -> 6 | L13: =I13-H13 -> 11 | M13: =J13+K13+L13 -> 22
A14: 13 | B14: HITESH TEKWANI | C14: 43252 | D14: 43762 | E14: 43771 | F14: 43783 | G14: 43791 | J14: =E14-D14 -> 9 | K14: =G14-F14 -> 8 | L14: =I14-H14 -> 0 | M14: =J14+K14+L14 -> 17
A15: 14 | B15: NISHITH SURENDRANATHAN | C15: 39083 | J15: =E15-D15 -> 0 | K15: =G15-F15 -> 0 | L15: =I15-H15 -> 0 | M15: =J15+K15+L15 -> 0
A16: 15 | B16: ASLAMBHAI SHEIKH | C16: 41334 | J16: =E16-D16 -> 0 | K16: =G16-F16 -> 0 | L16: =I16-H16 -> 0 | M16: =J16+K16+L16 -> 0
A17: 16 | B17: THOUFEEK POTTAMMAL | C17: 40210 | D17: 43470 | E17: 43505 | F17: 43726 | G17: 43731 | J17: =E17-D17 -> 35 | K17: =G17-F17 -> 5 | L17: =I17-H17 -> 0 | M17: =J17+K17+L17 -> 40
A18: 17 | B18: PRAVEEN KUMAR PALERI PALODAN | C18: 40483 | D18: 43659 | E18: 43708 | J18: =E18-D18 -> 49 | K18: =G18-F18 -> 0 | L18: =I18-H18 -> 0 | M18: =J18+K18+L18 -> 49
A19: 18 | B19: SAMAD CHONAKADAVATH SADIRI (SALESMAN) | C19: 43647 | J19: =E19-D19 -> 0 | K19: =G19-F19 -> 0 | L19: =I19-H19 -> 0 | M19: =J19+K19+L19 -> 0
A20: 19 | B20: TAPAN DEV | C20: 41000 | D20: 43472 | E20: 43535 | J20: =E20-D20 -> 63 | K20: =G20-F20 -> 0 | L20: =I20-H20 -> 0 | M20: =J20+K20+L20 -> 63
A21: 20 | B21: UMESH PAYYAM VALAPPIL | C21: 41214 | J21: =E21-D21 -> 0 | K21: =G21-F21 -> 0 | L21: =I21-H21 -> 0 | M21: =J21+K21+L21 -> 0
A22: 21 | B22: PRABHAKAR POONAM ANJAIAH POONAM | C22: 41244 | D22: 43587 | E22: 43673 | J22: =E22-D22 -> 86 | K22: =G22-F22 -> 0 | L22: =I22-H22 -> 0 | M22: =J22+K22+L22 -> 86
A23: 22 | B23: SHARAFUDHEEN POROT PATILLATH | C23: 41487 | D23: 43765 | E23: 43824 | J23: =E23-D23 -> 59 | K23: =G23-F23 -> 0 | L23: =I23-H23 -> 0 | M23: =J23+K23+L23 -> 59
A24: 23 | B24: MUHAMMAD NIYAS KURIYAKATH | C24: 41518 | J24: =E24-D24 -> 0 | K24: =G24-F24 -> 0 | L24: =I24-H24 -> 0 | M24: =J24+K24+L24 -> 0
A25: 24 | B25: VINOD KUNHAPPU KUNHAPPU | C25: 41548 | D25: 43762 | E25: 43830 | J25: =E25-D25 -> 68 | K25: =G25-F25 -> 0 | L25: =I25-H25 -> 0 | M25: =J25+K25+L25 -> 68
A26: 25 | B26: FAZIL ASHRAF KUZHIKANDATHIL | C26: 41579 | D26: 43617 | E26: 43642 | J26: =E26-D26 -> 25 | K26: =G26-F26 -> 0 | L26: =I26-H26 -> 0 | M26: =J26+K26+L26 -> 25 | N26: VISA CANCEL
A27: 26 | B27: Shamil Nisath | C27: 41609 | D27: 43475 | E27: 43541 | F27: 43660 | G27: 43665 | J27: =E27-D27 -> 66 | K27: =G27-F27 -> 5 | L27: =I27-H27 -> 0 | M27: =J27+K27+L27 -> 71 | N27: VISA CANCEL
A28: 27 | B28: BYJU KAKKOTH | C28: 41671 | J28: =E28-D28 -> 0 | K28: =G28-F28 -> 0 | L28: =I28-H28 -> 0 | M28: =J28+K28+L28 -> 0
A29: 28 | B29: KABEER | C29: 41883 | D29: 43824 | E29: 43830 | J29: =E29-D29 -> 6 | K29: =G29-F29 -> 0 | L29: =I29-H29 -> 0 | M29: =J29+K29+L29 -> 6
A30: 29 | B30: Gangarajan | C30: 41913 | D30: 43584 | E30: 43662 | J30: =E30-D30 -> 78 | K30: =G30-F30 -> 0 | L30: =I30-H30 -> 0 | M30: =J30+K30+L30 -> 78
A31: 30 | B31: SHIJU | C31: 42005 | D31: 43486 | E31: 43526 | J31: =E31-D31 -> 40 | K31: =G31-F31 -> 0 | L31: =I31-H31 -> 0 | M31: =J31+K31+L31 -> 40
A32: 31 | B32: Mallesh | C32: 42064 | D32: 43675 | E32: 43754 | J32: =E32-D32 -> 79 | K32: =G32-F32 -> 0 | L32: =I32-H32 -> 0 | M32: =J32+K32+L32 -> 79
A33: 32 | B33: AJNAS | C33: 42156 | J33: =E33-D33 -> 0 | K33: =G33-F33 -> 0 | L33: =I33-H33 -> 0 | M33: =J33+K33+L33 -> 0
A34: 33 | B34: Muhammad Shalim | C34: 42248 | J34: =E34-D34 -> 0 | K34: =G34-F34 -> 0 | L34: =I34-H34 -> 0 | M34: =J34+K34+L34 -> 0
A35: 34 | B35: VIKAS | C35: 42324 | D35: 43499 | E35: 43530 | J35: =E35-D35 -> 31 | K35: =G35-F35 -> 0 | L35: =I35-H35 -> 0 | M35: =J35+K35+L35 -> 31
A36: 35 | B36: MOHD JABID MOIDU KUNHI | C36: 41760 | D36: 43677 | E36: 43739 | J36: =E36-D36 -> 62 | K36: =G36-F36 -> 0 | L36: =I36-H36 -> 0 | M36: =J36+K36+L36 -> 62
A37: 36 | B37: SUBHADIN CHUNNUM TAMANG | C37: 41760 | D37: 43737 | E37: 43800 | J37: =E37-D37 -> 63 | K37: =G37-F37 -> 0 | L37: =I37-H37 -> 0 | M37: =J37+K37+L37 -> 63
A38: 37 | B38: ARUN KANNOTHIL | C38: 40878 | D38: 43557 | E38: 43588 | J38: =E38-D38 -> 31 | K38: =G38-F38 -> 0 | L38: =I38-H38 -> 0 | M38: =J38+K38+L38 -> 31
A39: 38 | B39: BIPLAB DEV | C39: 42430 | J39: =E39-D39 -> 0 | K39: =G39-F39 -> 0 | L39: =I39-H39 -> 0 | M39: =J39+K39+L39 -> 0
A40: 39 | B40: PARAMESH CHANDRAIAH NASPURI | C40: 42522 | D40: 43559 | E40: 43622 | J40: =E40-D40 -> 63 | K40: =G40-F40 -> 0 | L40: =I40-H40 -> 0 | M40: =J40+K40+L40 -> 63
A41: 40 | B41: MUHD USMAN | C41: 42614 | D41: 43768 | E41: 43830 | J41: =E41-D41 -> 62 | K41: =G41-F41 -> 0 | L41: =I41-H41 -> 0 | M41: =J41+K41+L41 -> 62
A42: 41 | B42: IMRAN KHAN | C42: 42644 | D42: 43466 | E42: 43507 | J42: =E42-D42 -> 41 | K42: =G42-F42 -> 0 | L42: =I42-H42 -> 0 | M42: =J42+K42+L42 -> 41
A43: 42 | B43: Muhammad Sabir Muhammad | C43: 42675 | D43: 43466 | E43: 43516 | J43: =E43-D43 -> 50 | K43: =G43-F43 -> 0 | L43: =I43-H43 -> 0 | M43: =J43+K43+L43 -> 50
A44: 43 | B44: MOHAMED Faizal | C44: 42795 | D44: 43629 | E44: 43709 | J44: =E44-D44 -> 80 | K44: =G44-F44 -> 0 | L44: =I44-H44 -> 0 | M44: =J44+K44+L44 -> 80
A45: 44 | B45: ABDUL ZUBIR | C45: 42795 | D45: 43675 | E45: 43735 | J45: =E45-D45 -> 60 | K45: =G45-F45 -> 0 | L45: =I45-H45 -> 0 | M45: =J45+K45+L45 -> 60
A46: 45 | B46: KWAJA NIJAMUDDIN | C46: 42826 | D46: 43625 | E46: 43686 | J46: =E46-D46 -> 61 | K46: =G46-F46 -> 0 | L46: =I46-H46 -> 0 | M46: =J46+K46+L46 -> 61
A47: 46 | B47: RAJEEVAN | C47: 42856 | D47: 43708 | E47: 43753 | J47: =E47-D47 -> 45 | K47: =G47-F47 -> 0 | L47: =I47-H47 -> 0 | M47: =J47+K47+L47 -> 45
A48: 47 | B48: VIJAY SINGAM | C48: 42856 | J48: =E48-D48 -> 0 | K48: =G48-F48 -> 0 | L48: =I48-H48 -> 0 | M48: =J48+K48+L48 -> 0
A49: 48 | B49: SYED MURTUZA | C49: 42856 | D49: 43679 | E49: 43739 | J49: =E49-D49 -> 60 | K49: =G49-F49 -> 0 | L49: =I49-H49 -> 0 | M49: =J49+K49+L49 -> 60
A50: 49 | B50: SUNIL KUMAR | C50: 42948 | D50: 43767 | E50: 43828 | J50: =E50-D50 -> 61 | K50: =G50-F50 -> 0 | L50: =I50-H50 -> 0 | M50: =J50+K50+L50 -> 61
A51: 50 | B51: UMESH NAIK | C51: 42948 | D51: 43594 | E51: 43601 | J51: =E51-D51 -> 7 | K51: =G51-F51 -> 0 | L51: =I51-H51 -> 0 | M51: =J51+K51+L51 -> 7
A52: 51 | B52: PRABHAKAR MYLARAPU | C52: 42979 | J52: =E52-D52 -> 0 | K52: =G52-F52 -> 0 | L52: =I52-H52 -> 0 | M52: =J52+K52+L52 -> 0
A53: 52 | B53: AKASH RAVINDRA TAMBEKAR | C53: 42979 | D53: 43757 | E53: 43788 | J53: =E53-D53 -> 31 | K53: =G53-F53 -> 0 | L53: =I53-H53 -> 0 | M53: =J53+K53+L53 -> 31
A54: 53 | B54: SAMSEER MANGALADAN ASSU | C54: 43040 | D54: 43605 | E54: 43635 | J54: =E54-D54 -> 30 | K54: =G54-F54 -> 0 | L54: =I54-H54 -> 0 | M54: =J54+K54+L54 -> 30
A55: 54 | B55: THIRUPATHI JAINAPURAPU | C55: 43101 | D55: 43503 | E55: 43527 | J55: =E55-D55 -> 24 | K55: =G55-F55 -> 0 | L55: =I55-H55 -> 0 | M55: =J55+K55+L55 -> 24
A56: 55 | B56: SAIKUMAR EDUGUNURI | C56: 43101 | J56: =E56-D56 -> 0 | K56: =G56-F56 -> 0 | L56: =I56-H56 -> 0 | M56: =J56+K56+L56 -> 0
A57: 56 | B57: TAHER KHAN | C57: 43132 | J57: =E57-D57 -> 0 | K57: =G57-F57 -> 0 | L57: =I57-H57 -> 0 | M57: =J57+K57+L57 -> 0
A58: 57 | B58: GANESH KANUJIA | C58: 43191 | D58: 43505 | E58: 43512 | J58: =E58-D58 -> 7 | K58: =G58-F58 -> 0 | L58: =I58-H58 -> 0 | M58: =J58+K58+L58 -> 7
A59: 58 | B59: ZEESHAN | C59: 43282 | J59: =E59-D59 -> 0 | K59: =G59-F59 -> 0 | L59: =I59-H59 -> 0 | M59: =J59+K59+L59 -> 0
A60: 59 | B60: NOOH | C60: 43282 | D60: 43757 | E60: 43770 | J60: =E60-D60 -> 13 | K60: =G60-F60 -> 0 | L60: =I60-H60 -> 0 | M60: =J60+K60+L60 -> 13
A61: 60 | B61: MOHAMMED KABEER KOTTA | C61: 43374 | J61: =E61-D61 -> 0 | K61: =G61-F61 -> 0 | L61: =I61-H61 -> 0 | M61: =J61+K61+L61 -> 0
A62: 61 | B62: SHEKAR VEMULWADA | C62: 43405 | J62: =E62-D62 -> 0 | K62: =G62-F62 -> 0 | L62: =I62-H62 -> 0 | M62: =J62+K62+L62 -> 0
A63: 62 | B63: KAREEM CHOKKIYAN | C63: 43466 | J63: =E63-D63 -> 0 | K63: =G63-F63 -> 0 | L63: =I63-H63 -> 0 | M63: =J63+K63+L63 -> 0
A64: 63 | B64: MUHAMMED BASITH NAUSAHD | C64: 43556 | D64: 43811 | E64: 43830 | J64: =E64-D64 -> 19 | K64: =G64-F64 -> 0 | L64: =I64-H64 -> 0 | M64: =J64+K64+L64 -> 19
A65: 64 | B65: MUHAMMED FAYAS KUNDUVALPPIL | C65: 43617 | J65: =E65-D65 -> 0 | K65: =G65-F65 -> 0 | L65: =I65-H65 -> 0 | M65: =J65+K65+L65 -> 0
A66: 65 | B66: ATHUL ELLIKANDAVIDA | C66: 43617 | J66: =E66-D66 -> 0 | K66: =G66-F66 -> 0 | L66: =I66-H66 -> 0 | M66: =J66+K66+L66 -> 0
A67: 66 | B67: ABU SALIH(MERCHANDISER ) | C67: 43647 | J67: =E67-D67 -> 0 | K67: =G67-F67 -> 0 | L67: =I67-H67 -> 0 | M67: =J67+K67+L67 -> 0
A68: 67 | B68: ABID MUHAMMAD(MERCHANDISER ) | C68: 43647 | J68: =E68-D68 -> 0 | K68: =G68-F68 -> 0 | L68: =I68-H68 -> 0 | M68: =J68+K68+L68 -> 0
A69: 68 | B69: SRINIVAS LINGAMPELLY(MERCHANDISER ) | C69: 43647 | D69: 43812 | E69: 43830 | J69: =E69-D69 -> 18 | K69: =G69-F69 -> 0 | L69: =I69-H69 -> 0 | M69: =J69+K69+L69 -> 18
A70: 69 | B70: SHIYAS (MERCHANDISER ) | C70: 43647 | J70: =E70-D70 -> 0 | K70: =G70-F70 -> 0 | L70: =I70-H70 -> 0 | M70: =J70+K70+L70 -> 0
A71: 70 | B71: UNAIS(MERCHANDISER ) | C71: 43647 | J71: =E71-D71 -> 0 | K71: =G71-F71 -> 0 | L71: =I71-H71 -> 0 | M71: =J71+K71+L71 -> 0
A72: 71 | B72: ANKIT KANOJIYA | C72: 43739 | J72: =E72-D72 -> 0 | K72: =G72-F72 -> 0 | L72: =I72-H72 -> 0 | M72: =J72+K72+L72 -> 0
A73: 72 | B73: VAMSHI VADNALA GANGADHAR VADNALA | C73: 43800 | J73: =E73-D73 -> 0 | K73: =G73-F73 -> 0 | L73: =I73-H73 -> 0 | M73: =J73+K73+L73 -> 0
A74: 73 | B74: MEHMOOD AHMED KHAN | C74: 39083 | D74: 43633 | E74: 43677 | J74: =E74-D74 -> 44 | K74: =G74-F74 -> 0 | L74: =I74-H74 -> 0 | M74: =J74+K74+L74 -> 44
A75: 74 | B75: ZAFAR IQBAL MOHAMMAD | C75: 39083 | J75: =E75-D75 -> 0 | K75: =G75-F75 -> 0 | L75: =I75-H75 -> 0 | M75: =J75+K75+L75 -> 0
A76: 75 | B76: BASHARAT AHMED AHMADULLAH KHAN | C76: 39083 | D76: 43674 | E76: 43750 | J76: =E76-D76 -> 76 | K76: =G76-F76 -> 0 | L76: =I76-H76 -> 0 | M76: =J76+K76+L76 -> 76
A77: 76 | B77: MUHAMMAD NASIR TAJ | C77: 40940 | J77: =E77-D77 -> 0 | K77: =G77-F77 -> 0 | L77: =I77-H77 -> 0 | M77: =J77+K77+L77 -> 0
A78: 77 | B78: MOHSIN BASHIR SARDAR | C78: 39173 | D78: 43703 | E78: 43780 | J78: =E78-D78 -> 77 | K78: =G78-F78 -> 0 | L78: =I78-H78 -> 0 | M78: =J78+K78+L78 -> 77
A79: 78 | B79: JITHIN KUNHI PURAYIL | C79: 43617 | D79: 43770 | E79: 43778 | J79: =E79-D79 -> 8 | K79: =G79-F79 -> 0 | L79: =I79-H79 -> 0 | M79: =J79+K79+L79 -> 8
A80: 79 | B80: RAJESH KANAKKODI | C80: 39083 | D80: 43568 | E80: 43599 | F80: 43693 | G80: 43700 | H80: 43795 | I80: 43804 | J80: =E80-D80 -> 31 | K80: =G80-F80 -> 7 | L80: =I80-H80 -> 9 | M80: =J80+K80+L80 -> 47
A81: 80 | B81: RAJMOHAN RAVUNNIKUTTY | C81: 39083 | D81: 43707 | E81: 43740 | J81: =E81-D81 -> 33 | K81: =G81-F81 -> 0 | L81: =I81-H81 -> 0 | M81: =J81+K81+L81 -> 33
A82: 81 | B82: PRAMOD VATTAKKANDATHIL | C82: 40544 | D82: 43742 | E82: 43776 | J82: =E82-D82 -> 34 | K82: =G82-F82 -> 0 | L82: =I82-H82 -> 0 | M82: =J82+K82+L82 -> 34
A83: 82 | B83: VISHNU PARINTHIRIKKATTIL KUMARAN | C83: 40909 | J83: =E83-D83 -> 0 | K83: =G83-F83 -> 0 | L83: =I83-H83 -> 0 | M83: =J83+K83+L83 -> 0
A84: 83 | B84: JAGEESH PANDIKA THARAMMAL | C84: 41456 | D84: 43466 | E84: 43527 | J84: =E84-D84 -> 61 | K84: =G84-F84 -> 0 | L84: =I84-H84 -> 0 | M84: =J84+K84+L84 -> 61
A85: 84 | B85: RAHUL ARIMBOOTH | C85: 42979 | D85: 43826 | E85: 43830 | J85: =E85-D85 -> 4 | K85: =G85-F85 -> 0 | L85: =I85-H85 -> 0 | M85: =J85+K85+L85 -> 4
A86: 85 | B86: SURESH NARESH KHODICHERLA | C86: 39083 | D86: 43586 | E86: 43617 | J86: =E86-D86 -> 31 | K86: =G86-F86 -> 0 | L86: =I86-H86 -> 0 | M86: =J86+K86+L86 -> 31
A87: 86 | B87: NIYAS KIDANHOTH MEETHAL | C87: 43617 | J87: =E87-D87 -> 0 | K87: =G87-F87 -> 0 | L87: =I87-H87 -> 0 | M87: =J87+K87+L87 -> 0
A88: 87 | B88: KRISHNA GAUATAM | C88: 42856 | D88: 43707 | E88: 43771 | J88: =E88-D88 -> 64 | K88: =G88-F88 -> 0 | L88: =I88-H88 -> 0 | M88: =J88+K88+L88 -> 64
A89: 88 | B89: RAJENDRA PRASAD POTUGANTI | C89: 43617 | J89: =E89-D89 -> 0 | K89: =G89-F89 -> 0 | L89: =I89-H89 -> 0 | M89: =J89+K89+L89 -> 0
A90: 89 | B90: PASSANG TAMANG | C90: 41548 | J90: =E90-D90 -> 0 | K90: =G90-F90 -> 0 | L90: =I90-H90 -> 0 | M90: =J90+K90+L90 -> 0
A91: 90 | B91: BIPLAB TAMANG | C91: 41609 | J91: =E91-D91 -> 0 | K91: =G91-F91 -> 0 | L91: =I91-H91 -> 0 | M91: =J91+K91+L91 -> 0
A92: 91 | B92: SUNIL GOPALAN KOLOTHODY | C92: 40210 | J92: =E92-D92 -> 0 | K92: =G92-F92 -> 0 | L92: =I92-H92 -> 0 | M92: =J92+K92+L92 -> 0
A93: 92 | B93: SAJJAD HUSSAIN MUHAMMAD KHAN | C93: 39083 | J93: =E93-D93 -> 0 | K93: =G93-F93 -> 0 | L93: =I93-H93 -> 0 | M93: =J93+K93+L93 -> 0
A94: 93 | B94: MOHAMMAD SAJID MAHMOOD | C94: 39083 | J94: =E94-D94 -> 0 | K94: =G94-F94 -> 0 | L94: =I94-H94 -> 0 | M94: =J94+K94+L94 -> 0
A95: 94 | B95: MUHAMMAD FARYAD MUHAMMAD | C95: 39326 | D95: 43553 | E95: 43645 | J95: =E95-D95 -> 92 | K95: =G95-F95 -> 0 | L95: =I95-H95 -> 0 | M95: =J95+K95+L95 -> 92
A96: 95 | B96: SRINIVAS GUNDARAPU BALAIAH | C96: 39783 | J96: =E96-D96 -> 0 | K96: =G96-F96 -> 0 | L96: =I96-H96 -> 0 | M96: =J96+K96+L96 -> 0
A97: 96 | B97: BABER BASHIR SARDAR | C97: 40544 | D97: 43703 | E97: 43727 | J97: =E97-D97 -> 24 | K97: =G97-F97 -> 0 | L97: =I97-H97 -> 0 | M97: =J97+K97+L97 -> 24
A98: 97 | B98: MEHTAB AHMED | C98: 40664 | J98: =E98-D98 -> 0 | K98: =G98-F98 -> 0 | L98: =I98-H98 -> 0 | M98: =J98+K98+L98 -> 0
A99: 98 | B99: MUHAMMED NADEEM | C99: 40695 | J99: =E99-D99 -> 0 | K99: =G99-F99 -> 0 | L99: =I99-H99 -> 0 | M99: =J99+K99+L99 -> 0
A100: 99 | B100: RAMEEZ ZAFAR IQBAL | C100: 40848 | J100: =E100-D100 -> 0 | K100: =G100-F100 -> 0 | L100: =I100-H100 -> 0 | M100: =J100+K100+L100 -> 0
...

Sheet 2018
A1: S.NO. | B1: STAFF NAME | C1: JOINING DATE | D1: 1ST LEAVE | F1: 2ND LEAVE | H1: 3RD LEAVE | J1: 1 | K1: 2 | L1: 3 | M1: TOTAL | N1: REMARK
A2: 1 | B2: KANTESH NIHALCHANDANI | C2: 39295 | D2: 43109 | E2: 43121 | F2: 43330 | G2: 43339 | J2: =E2-D2 -> 12 | K2: =G2-F2 -> 9 | L2: =I2-H2 -> 0 | M2: =J2+K2+L2 -> 21
A3: 2 | B3: PAWAN KUMAR | C3: 41883 | J3: =E3-D3 -> 0 | K3: =G3-F3 -> 0 | L3: =I3-H3 -> 0 | M3: =J3+K3+L3 -> 0
A4: 3 | B4: SREEKANTH | C4: 41883 | J4: =E4-D4 -> 0 | K4: =G4-F4 -> 0 | L4: =I4-H4 -> 0 | M4: =J4+K4+L4 -> 0
A5: 4 | B5: DANNA | C5: 42036 | D5: 43101 | E5: 43109 | J5: =E5-D5 -> 8 | K5: =G5-F5 -> 0 | L5: =I5-H5 -> 0 | M5: =J5+K5+L5 -> 8
A6: 5 | B6: ARUN KANNOTHIL | C6: 42186 | D6: 43343 | E6: 43354 | J6: =E6-D6 -> 11 | K6: =G6-F6 -> 0 | L6: =I6-H6 -> 0 | M6: =J6+K6+L6 -> 11
A7: 6 | B7: SANDEEP | C7: 42736 | D7: 43204 | E7: 43225 | J7: =E7-D7 -> 21 | K7: =G7-F7 -> 0 | L7: =I7-H7 -> 0 | M7: =J7+K7+L7 -> 21
A8: 7 | B8: ABIRAL THAPA | C8: 40695 | D8: 43101 | E8: 43142 | F8: 43160 | G8: 43176 | J8: =E8-D8 -> 41 | K8: =G8-F8 -> 16 | L8: =I8-H8 -> 0 | M8: =J8+K8+L8 -> 57
A9: 8 | B9: SANJAY MIRCHUMAL PUNJABI | C9: 39083 | J9: =E9-D9 -> 0 | K9: =G9-F9 -> 0 | L9: =I9-H9 -> 0 | M9: =J9+K9+L9 -> 0
A10: 9 | B10: KADER NAMTURUTHI | C10: 39083 | D10: 43148 | E10: 43176 | J10: =E10-D10 -> 28 | K10: =G10-F10 -> 0 | L10: =I10-H10 -> 0 | M10: =J10+K10+L10 -> 28
A11: 10 | B11: PRADEEP MAKHIJA | C11: 42217 | D11: 43101 | E11: 43134 | F11: 43445 | G11: 43456 | J11: =E11-D11 -> 33 | K11: =G11-F11 -> 11 | L11: =I11-H11 -> 0 | M11: =J11+K11+L11 -> 44
A12: 11 | B12: MAHESH CHAINANI | C12: 39083 | D12: 43289 | E12: 43307 | J12: =E12-D12 -> 18 | K12: =G12-F12 -> 0 | L12: =I12-H12 -> 0 | M12: =J12+K12+L12 -> 18
A13: 12 | B13: JITESH CHAWLA | C13: 39083 | D13: 43344 | E13: 43357 | J13: =E13-D13 -> 13 | K13: =G13-F13 -> 0 | L13: =I13-H13 -> 0 | M13: =J13+K13+L13 -> 13
A14: 13 | B14: VIJAY KUMAR ASHOK KUMAR | C14: 39142 | D14: 43330 | E14: 43340 | J14: =E14-D14 -> 10 | K14: =G14-F14 -> 0 | L14: =I14-H14 -> 0 | M14: =J14+K14+L14 -> 10
A15: 14 | B15: ASHFAQ AHMED | C15: 42036 | D15: 43132 | E15: 43146 | F15: 43332 | G15: 43341 | H15: 43442 | I15: 43470 | J15: =E15-D15 -> 14 | K15: =G15-F15 -> 9 | L15: =I15-H15 -> 28 | M15: =J15+K15+L15 -> 51
A16: 15 | B16: HITESH TEKWANI | C16: 43252 | D16: 43414 | E16: 43417 | J16: =E16-D16 -> 3 | K16: =G16-F16 -> 0 | L16: =I16-H16 -> 0 | M16: =J16+K16+L16 -> 3
A17: 16 | B17: NISHITH SURENDRANATHAN | C17: 39083 | D17: 43327 | E17: 43335 | J17: =E17-D17 -> 8 | K17: =G17-F17 -> 0 | L17: =I17-H17 -> 0 | M17: =J17+K17+L17 -> 8
A18: 17 | B18: ASLAMBHAI SHEIKH | C18: 41334 | D18: 43395 | E18: 43402 | J18: =E18-D18 -> 7 | K18: =G18-F18 -> 0 | L18: =I18-H18 -> 0 | M18: =J18+K18+L18 -> 7
A19: 19 | B19: THOUFEEK POTTAMMAL | C19: 40210 | D19: 43218 | E19: 43227 | J19: =E19-D19 -> 9 | K19: =G19-F19 -> 0 | L19: =I19-H19 -> 0 | M19: =J19+K19+L19 -> 9
A20: 18 | B20: PRAVEEN KUMAR PALERI PALODAN | C20: 40483 | D20: 43172 | E20: 43211 | F20: 43358 | G20: 43366 | J20: =E20-D20 -> 39 | K20: =G20-F20 -> 8 | L20: =I20-H20 -> 0 | M20: =J20+K20+L20 -> 47
A21: 20 | B21: VINEESH CHERUVATHUR | C21: 41487 | D21: 43379 | E21: 43414 | J21: =E21-D21 -> 35 | K21: =G21-F21 -> 0 | L21: =I21-H21 -> 0 | M21: =J21+K21+L21 -> 35
A22: 21 | B22: MUHAMMED NAZIM | C22: 40695 | D22: 43132 | E22: 43195 | J22: =E22-D22 -> 63 | K22: =G22-F22 -> 0 | L22: =I22-H22 -> 0 | M22: =J22+K22+L22 -> 63
A23: 22 | B23: TAPAN DEV | C23: 41000 | J23: =E23-D23 -> 0 | K23: =G23-F23 -> 0 | L23: =I23-H23 -> 0 | M23: =J23+K23+L23 -> 0
A24: 23 | B24: UMESH PAYYAM VALAPPIL | C24: 41214 | D24: 43319 | E24: 43366 | J24: =E24-D24 -> 47 | K24: =G24-F24 -> 0 | L24: =I24-H24 -> 0 | M24: =J24+K24+L24 -> 47
A25: 24 | B25: PRABHAKAR POONAM ANJAIAH POONAM | C25: 41244 | D25: 43296 | E25: 43343 | J25: =E25-D25 -> 47 | K25: =G25-F25 -> 0 | L25: =I25-H25 -> 0 | M25: =J25+K25+L25 -> 47
A26: 25 | B26: SHAMEER MUNDAKKATTU THODI | C26: 41244 | J26: =E26-D26 -> 0 | K26: =G26-F26 -> 0 | L26: =I26-H26 -> 0 | M26: =J26+K26+L26 -> 0
A27: 26 | B27: DHANOOP PADMANABHAN | C27: 41395 | D27: 43214 | E27: 43274 | J27: =E27-D27 -> 60 | K27: =G27-F27 -> 0 | L27: =I27-H27 -> 0 | M27: =J27+K27+L27 -> 60
A28: 27 | B28: SHARAFUDHEEN POROT PATILLATH | C28: 41487 | D28: 43101 | E28: 43103 | J28: =E28-D28 -> 2 | K28: =G28-F28 -> 0 | L28: =I28-H28 -> 0 | M28: =J28+K28+L28 -> 2
A29: 28 | B29: MUHAMMAD NIYAS KURIYAKATH | C29: 41518 | D29: 43132 | E29: 43177 | J29: =E29-D29 -> 45 | K29: =G29-F29 -> 0 | L29: =I29-H29 -> 0 | M29: =J29+K29+L29 -> 45
A30: 29 | B30: VINOD KUNHAPPU KUNHAPPU | C30: 41548 | J30: =E30-D30 -> 0 | K30: =G30-F30 -> 0 | L30: =I30-H30 -> 0 | M30: =J30+K30+L30 -> 0
A31: 30 | B31: FAZIL ASHRAF KUZHIKANDATHIL | C31: 41579 | J31: =E31-D31 -> 0 | K31: =G31-F31 -> 0 | L31: =I31-H31 -> 0 | M31: =J31+K31+L31 -> 0
A32: 31 | B32: Shamil Nisath | C32: 41609 | J32: =E32-D32 -> 0 | K32: =G32-F32 -> 0 | L32: =I32-H32 -> 0 | M32: =J32+K32+L32 -> 0
A33: 32 | B33: BYJU KAKKOTH | C33: 41671 | D33: 43261 | E33: 43335 | J33: =E33-D33 -> 74 | K33: =G33-F33 -> 0 | L33: =I33-H33 -> 0 | M33: =J33+K33+L33 -> 74
A34: 33 | B34: KABEER | C34: 41883 | D34: 43102 | E34: 43132 | F34: 43298 | G34: 43312 | J34: =E34-D34 -> 30 | K34: =G34-F34 -> 14 | L34: =I34-H34 -> 0 | M34: =J34+K34+L34 -> 44
A35: 34 | B35: Gangarajan | C35: 41913 | J35: =E35-D35 -> 0 | K35: =G35-F35 -> 0 | L35: =I35-H35 -> 0 | M35: =J35+K35+L35 -> 0
A36: 35 | B36: SHIJU | C36: 42005 | J36: =E36-D36 -> 0 | K36: =G36-F36 -> 0 | L36: =I36-H36 -> 0 | M36: =J36+K36+L36 -> 0
A37: 36 | B37: Mallesh | C37: 42064 | J37: =E37-D37 -> 0 | K37: =G37-F37 -> 0 | L37: =I37-H37 -> 0 | M37: =J37+K37+L37 -> 0
A38: 37 | B38: Dileep Kumar | C38: 42064 | D38: 43191 | E38: 43235 | J38: =E38-D38 -> 44 | K38: =G38-F38 -> 0 | L38: =I38-H38 -> 0 | M38: =J38+K38+L38 -> 44
A39: 38 | B39: AJNAS | C39: 42156 | D39: 43162 | E39: 43269 | F39: 43421 | G39: 43432 | J39: =E39-D39 -> 107 | K39: =G39-F39 -> 11 | L39: =I39-H39 -> 0 | M39: =J39+K39+L39 -> 118
A40: 39 | B40: Muhammad Shalim | C40: 42248 | J40: =E40-D40 -> 0 | K40: =G40-F40 -> 0 | L40: =I40-H40 -> 0 | M40: =J40+K40+L40 -> 0
A41: 40 | B41: Sathisha Somanna Soladamukhi | C41: 42248 | J41: =E41-D41 -> 0 | K41: =G41-F41 -> 0 | L41: =I41-H41 -> 0 | M41: =J41+K41+L41 -> 0
A42: 41 | B42: VIKAS | C42: 42324 | D42: 43132 | E42: 43203 | J42: =E42-D42 -> 71 | K42: =G42-F42 -> 0 | L42: =I42-H42 -> 0 | M42: =J42+K42+L42 -> 71
A43: 42 | B43: MOHD JABID MOIDU KUNHI | C43: 41760 | J43: =E43-D43 -> 0 | K43: =G43-F43 -> 0 | L43: =I43-H43 -> 0 | M43: =J43+K43+L43 -> 0
A44: 43 | B44: SUBHADIN CHUNNUM TAMANG | C44: 41760 | D44: 43205 | E44: 43224 | J44: =E44-D44 -> 19 | K44: =G44-F44 -> 0 | L44: =I44-H44 -> 0 | M44: =J44+K44+L44 -> 19
A45: 44 | B45: ARUN KANNOTHIL | C45: 40878 | J45: =E45-D45 -> 0 | K45: =G45-F45 -> 0 | L45: =I45-H45 -> 0 | M45: =J45+K45+L45 -> 0
A46: 45 | B46: BIPLAB DEV | C46: 42430 | D46: 43325 | E46: 43398 | J46: =E46-D46 -> 73 | K46: =G46-F46 -> 0 | L46: =I46-H46 -> 0 | M46: =J46+K46+L46 -> 73
A47: 46 | B47: PARAMESH CHANDRAIAH NASPURI | C47: 42522 | J47: =E47-D47 -> 0 | K47: =G47-F47 -> 0 | L47: =I47-H47 -> 0 | M47: =J47+K47+L47 -> 0
A48: 47 | B48: MUHD USMAN | C48: 42614 | J48: =E48-D48 -> 0 | K48: =G48-F48 -> 0 | L48: =I48-H48 -> 0 | M48: =J48+K48+L48 -> 0
A49: 48 | B49: IMRAN KHAN | C49: 42644 | D49: 43442 | E49: 43465 | J49: =E49-D49 -> 23 | K49: =G49-F49 -> 0 | L49: =I49-H49 -> 0 | M49: =J49+K49+L49 -> 23
A50: 49 | B50: Mejon Chittilappilly Jose | C50: 42675 | D50: 43449 | E50: 43465 | J50: =E50-D50 -> 16 | K50: =G50-F50 -> 0 | L50: =I50-H50 -> 0 | M50: =J50+K50+L50 -> 16
A51: 50 | B51: Muhammad Sabir Muhammad | C51: 42675 | D51: 43444 | E51: 43465 | J51: =E51-D51 -> 21 | K51: =G51-F51 -> 0 | L51: =I51-H51 -> 0 | M51: =J51+K51+L51 -> 21
A52: 51 | B52: RAJISH CHERIKANDIYIL | C52: 42736 | J52: =E52-D52 -> 0 | K52: =G52-F52 -> 0 | L52: =I52-H52 -> 0 | M52: =J52+K52+L52 -> 0
A53: 52 | B53: MOHAMED Faizal | C53: 42795 | J53: =E53-D53 -> 0 | K53: =G53-F53 -> 0 | L53: =I53-H53 -> 0 | M53: =J53+K53+L53 -> 0
A54: 53 | B54: ABDUL ZUBIR | C54: 42795 | J54: =E54-D54 -> 0 | K54: =G54-F54 -> 0 | L54: =I54-H54 -> 0 | M54: =J54+K54+L54 -> 0
A55: 54 | B55: KWAJA NIJAMUDDIN | C55: 42826 | D55: 43224 | E55: 43230 | J55: =E55-D55 -> 6 | K55: =G55-F55 -> 0 | L55: =I55-H55 -> 0 | M55: =J55+K55+L55 -> 6
A56: 55 | B56: RAJEEVAN | C56: 42856 | D56: 43179 | E56: 43204 | J56: =E56-D56 -> 25 | K56: =G56-F56 -> 0 | L56: =I56-H56 -> 0 | M56: =J56+K56+L56 -> 25
A57: 56 | B57: VIJAY SINGAM | C57: 42856 | J57: =E57-D57 -> 0 | K57: =G57-F57 -> 0 | L57: =I57-H57 -> 0 | M57: =J57+K57+L57 -> 0
A58: 57 | B58: SYED MURTUZA | C58: 42856 | J58: =E58-D58 -> 0 | K58: =G58-F58 -> 0 | L58: =I58-H58 -> 0 | M58: =J58+K58+L58 -> 0
A59: 58 | B59: SUNIL KUMAR | C59: 42948 | J59: =E59-D59 -> 0 | K59: =G59-F59 -> 0 | L59: =I59-H59 -> 0 | M59: =J59+K59+L59 -> 0
A60: 59 | B60: UMESH NAIK | C60: 42948 | J60: =E60-D60 -> 0 | K60: =G60-F60 -> 0 | L60: =I60-H60 -> 0 | M60: =J60+K60+L60 -> 0
A61: 60 | B61: PRABHAKAR MYLARAPU | C61: 42979 | J61: =E61-D61 -> 0 | K61: =G61-F61 -> 0 | L61: =I61-H61 -> 0 | M61: =J61+K61+L61 -> 0
A62: 61 | B62: AKASH RAVINDRA TAMBEKAR | C62: 42979 | J62: =E62-D62 -> 0 | K62: =G62-F62 -> 0 | L62: =I62-H62 -> 0 | M62: =J62+K62+L62 -> 0
A63: 62 | B63: SAMSEER MANGALADAN ASSU | C63: 43040 | J63: =E63-D63 -> 0 | K63: =G63-F63 -> 0 | L63: =I63-H63 -> 0 | M63: =J63+K63+L63 -> 0
A64: 63 | B64: THIRUPATHI JAINAPURAPU | C64: 43101 | J64: =E64-D64 -> 0 | K64: =G64-F64 -> 0 | L64: =I64-H64 -> 0 | M64: =J64+K64+L64 -> 0
A65: 64 | B65: SAIKUMAR EDUGUNURI | C65: 43101 | J65: =E65-D65 -> 0 | K65: =G65-F65 -> 0 | L65: =I65-H65 -> 0 | M65: =J65+K65+L65 -> 0
A66: 65 | B66: TAHER KHAN | C66: 43132 | J66: =E66-D66 -> 0 | K66: =G66-F66 -> 0 | L66: =I66-H66 -> 0 | M66: =J66+K66+L66 -> 0
A67: 66 | B67: GANESH KANUJIA | C67: 43191 | J67: =E67-D67 -> 0 | K67: =G67-F67 -> 0 | L67: =I67-H67 -> 0 | M67: =J67+K67+L67 -> 0
A68: 67 | B68: ZEESHAN | C68: 43282 | J68: =E68-D68 -> 0 | K68: =G68-F68 -> 0 | L68: =I68-H68 -> 0 | M68: =J68+K68+L68 -> 0
... A71: 70 | B71: SHEKAR VEMULWADA | C71: 43405 | J71: =E71-D71 -> 0 | K71: =G71-F71 -> 0 | L71: =I71-H71 -> 0 | M71: =J71+K71+L71 -> 0
A72: 71 | B72: MEHMOOD AHMED KHAN | C72: 39083 | D72: 43146 | E72: 43221 | J72: =E72-D72 -> 75 | K72: =G72-F72 -> 0 | L72: =I72-H72 -> 0 | M72: =J72+K72+L72 -> 75
A73: 72 | B73: ZAFAR IQBAL MOHAMMAD | C73: 39083 | J73: =E73-D73 -> 0 | K73: =G73-F73 -> 0 | L73: =I73-H73 -> 0 | M73: =J73+K73+L73 -> 0
A74: 73 | B74: BASHARAT AHMED AHMADULLAH KHAN | C74: 39083 | J74: =E74-D74 -> 0 | K74: =G74-F74 -> 0 | L74: =I74-H74 -> 0 | M74: =J74+K74+L74 -> 0
A75: 74 | B75: MUHAMMAD NASIR TAJ | C75: 40940 | D75: 43329 | E75: 43414 | J75: =E75-D75 -> 85 | K75: =G75-F75 -> 0 | L75: =I75-H75 -> 0 | M75: =J75+K75+L75 -> 85
A76: 75 | B76: NAZAM KHAN MEHMOOD AHMED | C76: 39173 | D76: 43206 | E76: 43221 | J76: =E76-D76 -> 15 | K76: =G76-F76 -> 0 | L76: =I76-H76 -> 0 | M76: =J76+K76+L76 -> 15
A77: 76 | B77: RAJESH KANAKKODI | C77: 39083 | D77: 43232 | E77: 43242 | J77: =E77-D77 -> 10 | K77: =G77-F77 -> 0 | L77: =I77-H77 -> 0 | M77: =J77+K77+L77 -> 10
A78: 77 | B78: RAJMOHAN RAVUNNIKUTTY | C78: 39083 | D78: 43247 | E78: 43282 | J78: =E78-D78 -> 35 | K78: =G78-F78 -> 0 | L78: =I78-H78 -> 0 | M78: =J78+K78+L78 -> 35
A79: 78 | B79: PRAMOD VATTAKKANDATHIL | C79: 40544 | D79: 43191 | E79: 43222 | J79: =E79-D79 -> 31 | K79: =G79-F79 -> 0 | L79: =I79-H79 -> 0 | M79: =J79+K79+L79 -> 31
A80: 79 | B80: VISHNU PARINTHIRIKKATTIL KUMARAN | C80: 40909 | D80: 43125 | E80: 43157 | J80: =E80-D80 -> 32 | K80: =G80-F80 -> 0 | L80: =I80-H80 -> 0 | M80: =J80+K80+L80 -> 32
A81: 80 | B81: JAGEESH PANDIKA THARAMMAL | C81: 41456 | J81: =E81-D81 -> 0 | K81: =G81-F81 -> 0 | L81: =I81-H81 -> 0 | M81: =J81+K81+L81 -> 0
A82: 81 | B82: RAHUL ARIMBOOTH | C82: 42979 | J82: =E82-D82 -> 0 | K82: =G82-F82 -> 0 | L82: =I82-H82 -> 0 | M82: =J82+K82+L82 -> 0
A83: 82 | B83: SURESH NARESH KHODICHERLA | C83: 39083 | D83: 43191 | E83: 43223 | J83: =E83-D83 -> 32 | K83: =G83-F83 -> 0 | L83: =I83-H83 -> 0 | M83: =J83+K83+L83 -> 32
A84: 83 | B84: RAHEEM | C84: 42856 | D84: 43280 | E84: 43313 | J84: =E84-D84 -> 33 | K84: =G84-F84 -> 0 | L84: =I84-H84 -> 0 | M84: =J84+K84+L84 -> 33
A85: 84 | B85: KRISHNA GAUATAM | C85: 42856 | J85: =E85-D85 -> 0 | K85: =G85-F85 -> 0 | L85: =I85-H85 -> 0 | M85: =J85+K85+L85 -> 0
A86: 85 | B86: MOHSIN BASHIR SARDAR | C86: 39173 | D86: 43363 | E86: 43374 | J86: =E86-D86 -> 11 | K86: =G86-F86 -> 0 | L86: =I86-H86 -> 0 | M86: =J86+K86+L86 -> 11
A87: 86 | B87: PASSANG TAMANG | C87: 41548 | D87: 43375 | E87: 43438 | J87: =E87-D87 -> 63 | K87: =G87-F87 -> 0 | L87: =I87-H87 -> 0 | M87: =J87+K87+L87 -> 63
A88: 87 | B88: BIPLAB TAMANG | C88: 41609 | J88: =E88-D88 -> 0 | K88: =G88-F88 -> 0 | L88: =I88-H88 -> 0 | M88: =J88+K88+L88 -> 0
A89: 88 | B89: SUNIL GOPALAN KOLOTHODY | C89: 40210 | J89: =E89-D89 -> 0 | K89: =G89-F89 -> 0 | L89: =I89-H89 -> 0 | M89: =J89+K89+L89 -> 0
A90: 89 | B90: SAJJAD HUSSAIN MUHAMMAD KHAN | C90: 39083 | J90: =E90-D90 -> 0 | K90: =G90-F90 -> 0 | L90: =I90-H90 -> 0 | M90: =J90+K90+L90 -> 0
A91: 90 | B91: MOHAMMAD SAJID MAHMOOD | C91: 39083 | J91: =E91-D91 -> 0 | K91: =G91-F91 -> 0 | L91: =I91-H91 -> 0 | M91: =J91+K91+L91 -> 0
A92: 91 | B92: MUHAMMAD FARYAD MUHAMMAD | C92: 39326 | J92: =E92-D92 -> 0 | K92: =G92-F92 -> 0 | L92: =I92-H92 -> 0 | M92: =J92+K92+L92 -> 0
A93: 92 | B93: SRINIVAS GUNDARAPU BALAIAH | C93: 39783 | J93: =E93-D93 -> 0 | K93: =G93-F93 -> 0 | L93: =I93-H93 -> 0 | M93: =J93+K93+L93 -> 0
A94: 93 | B94: BABER BASHIR SARDAR | C94: 40544 | D94: 43344 | E94: 43434 | J94: =E94-D94 -> 90 | K94: =G94-F94 -> 0 | L94: =I94-H94 -> 0 | M94: =J94+K94+L94 -> 90
A95: 94 | B95: MEHTAB AHMED | C95: 40664 | J95: =E95-D95 -> 0 | K95: =G95-F95 -> 0 | L95: =I95-H95 -> 0 | M95: =J95+K95+L95 -> 0
A96: 95 | B96: MUHAMMED NADEEM | C96: 40695 | J96: =E96-D96 -> 0 | K96: =G96-F96 -> 0 | L96: =I96-H96 -> 0 | M96: =J96+K96+L96 -> 0
A97: 96 | B97: RAMEEZ ZAFAR IQBAL | C97: 40848 | J97: =E97-D97 -> 0 | K97: =G97-F97 -> 0 | L97: =I97-H97 -> 0 | M97: =J97+K97+L97 -> 0
A98: 97 | B98: MUHAMMAD KHITAB | C98: 41791 | D98: 43218 | E98: 43257 | J98: =E98-D98 -> 39 | K98: =G98-F98 -> 0 | L98: =I98-H98 -> 0 | M98: =J98+K98+L98 -> 39
A99: 98 | B99: UMAIR RIAZ | C99: 41852 | J99: =E99-D99 -> 0 | K99: =G99-F99 -> 0 | L99: =I99-H99 -> 0 | M99: =J99+K99+L99 -> 0
A100: 99 | B100: Muhammad Ishtiaq | C100: 42156 | J100: =E100-D100 -> 0 | K100: =G100-F100 -> 0 | L100: =I100-H100 -> 0 | M100: =J100+K100+L100 -> 0
A101: 100 | B101: Irfan Sajjad | C101: 42140 | J101: =E101-D101 -> 0 | K101: =G101-F101 -> 0 | L101: =I101-H101 -> 0 | M101: =J101+K101+L101 -> 0
A102: 101 | B102: yasin | C102: 42461 | D102: 43316 | E102: 43414 | J102: =E102-D102 -> 98 | K102: =G102-F102 -> 0 | L102: =I102-H102 -> 0 | M102: =J102+K102+L102 -> 98
...

Sheet 2017
A3: S.NO. | B3: STAFF NAME | C3: JOINING DATE | D3: 1ST LEAVE | F3: 2ND LEAVE | H3: 3RD LEAVE | J3: 1 | K3: 2 | L3: 3 | M3: TOTAL | N3: REMARK
A4: 1 | B4: KANTESH NIHALCHANDANI | C4: 39295 | D4: 42952 | E4: 42964 | J4: =E4-D4 -> 12 | K4: =G4-F4 -> 0 | L4: =I4-H4 -> 0 | M4: =J4+K4+L4 -> 12
A5: 2 | B5: ASHFAQ AHMED | C5: 42036 | D5: 42981 | E5: 42996 | J5: =E5-D5 -> 15 | K5: =G5-F5 -> 0 | L5: =I5-H5 -> 0 | M5: =J5+K5+L5 -> 15
A6: 3 | B6: PAWAN KUMAR | C6: 41883 | D6: 42762 | E6: 42790 | J6: =E6-D6 -> 28 | K6: =G6-F6 -> 0 | L6: =I6-H6 -> 0 | M6: =J6+K6+L6 -> 28
A7: 4 | B7: SREEKANTH | C7: 41883 | D7: 42987 | E7: 43039 | J7: =E7-D7 -> 52 | K7: =G7-F7 -> 0 | L7: =I7-H7 -> 0 | M7: =J7+K7+L7 -> 52
A8: 5 | B8: DANNA | C8: 42036 | D8: 42818 | E8: 42859 | J8: =E8-D8 -> 41 | K8: =G8-F8 -> 0 | L8: =I8-H8 -> 0 | M8: =J8+K8+L8 -> 41
A9: 6 | B9: ARUN KANNOTHIL | C9: 42186 | D9: 43038 | E9: 43099 | J9: =E9-D9 -> 61 | K9: =G9-F9 -> 0 | L9: =I9-H9 -> 0 | M9: =J9+K9+L9 -> 61
A10: 7 | B10: SANDEEP | C10: 42736 | J10: =E10-D10 -> 0 | K10: =G10-F10 -> 0 | L10: =I10-H10 -> 0 | M10: =J10+K10+L10 -> 0
A11: 8 | B11: ABIRAL THAPA | C11: 40695 | D11: 43073 | E11: 43100 | J11: =E11-D11 -> 27 | K11: =G11-F11 -> 0 | L11: =I11-H11 -> 0 | M11: =J11+K11+L11 -> 27
A12: 9 | B12: SANJAY MIRCHUMAL PUNJABI | C12: 39083 | D12: 42795 | E12: 42800 | F12: 42948 | G12: 42950 | H12: 43018 | I12: 43021 | J12: =E12-D12 -> 5 | K12: =G12-F12 -> 2 | L12: =I12-H12 -> 3 | M12: =J12+K12+L12 -> 10
A13: 10 | B13: KADER NAMTURUTHI | C13: 39083 | J13: =E13-D13 -> 0 | K13: =G13-F13 -> 0 | L13: =I13-H13 -> 0 | M13: =J13+K13+L13 -> 0
A14: 11 | B14: PRADEEP MAKHIJA | C14: 42217 | D14: 43069 | E14: 43100 | J14: =E14-D14 -> 31 | K14: =G14-F14 -> 0 | L14: =I14-H14 -> 0 | M14: =J14+K14+L14 -> 31 | N14: NOT YET JOIN
A15: 12 | B15: MAHESH CHAINANI | C15: 39083 | D15: 42917 | E15: 42921 | F15: 43062 | G15: 43076 | J15: =E15-D15 -> 4 | K15: =G15-F15 -> 14 | L15: =I15-H15 -> 0 | M15: =J15+K15+L15 -> 18
A16: 13 | B16: JITESH CHAWLA | C16: 39083 | D16: 42856 | E16: 42866 | F16: 42927 | G16: 42937 | J16: =E16-D16 -> 10 | K16: =G16-F16 -> 10 | L16: =I16-H16 -> 0 | M16: =J16+K16+L16 -> 20
A17: 14 | B17: VIJAY KUMAR ASHOK KUMAR | C17: 39142 | D17: 42736 | E17: 42743 | J17: =E17-D17 -> 7 | K17: =G17-F17 -> 0 | L17: =I17-H17 -> 0 | M17: =J17+K17+L17 -> 7
A18: 15 | B18: NISHITH SURENDRANATHAN | C18: 39083 | D18: 43068 | E18: 43099 | J18: =E18-D18 -> 31 | K18: =G18-F18 -> 0 | L18: =I18-H18 -> 0 | M18: =J18+K18+L18 -> 31
A19: 16 | B19: ASLAMBHAI SHEIKH | C19: 41334 | D19: 42963 | E19: 42993 | J19: =E19-D19 -> 30 | K19: =G19-F19 -> 0 | L19: =I19-H19 -> 0 | M19: =J19+K19+L19 -> 30
A20: 17 | B20: THOUFEEK POTTAMMAL | C20: 40210 | D20: 42944 | E20: 42958 | J20: =E20-D20 -> 14 | K20: =G20-F20 -> 0 | L20: =I20-H20 -> 0 | M20: =J20+K20+L20 -> 14
A21: 18 | B21: PRAVEEN KUMAR PALERI PALODAN | C21: 40483 | D21: 42994 | E21: 43004 | J21: =E21-D21 -> 10 | K21: =G21-F21 -> 0 | L21: =I21-H21 -> 0 | M21: =J21+K21+L21 -> 10
A22: 19 | B22: ABDUL NAMEER POTTAMEL | C22: 41183 | D22: 42736 | E22: 42742 | F22: 42917 | G22: 42926 | J22: =E22-D22 -> 6 | K22: =G22-F22 -> 9 | L22: =I22-H22 -> 0 | M22: =J22+K22+L22 -> 15
A23: 20 | B23: VINEESH CHERUVATHUR | C23: 41487 | D23: 42979 | E23: 43018 | J23: =E23-D23 -> 39 | K23: =G23-F23 -> 0 | L23: =I23-H23 -> 0 | M23: =J23+K23+L23 -> 39
A24: 21 | B24: MUHAMMED NAZIM | C24: 40695 | J24: =E24-D24 -> 0 | K24: =G24-F24 -> 0 | L24: =I24-H24 -> 0 | M24: =J24+K24+L24 -> 0
A25: 22 | B25: PRAVEEN KUMAR KASHAVENI | C25: 40969 | D25: 43074 | E25: 43100 | J25: =E25-D25 -> 26 | K25: =G25-F25 -> 0 | L25: =I25-H25 -> 0 | M25: =J25+K25+L25 -> 26 | N25: NOT YET JOIN
A26: 23 | B26: TAPAN DEV | C26: 41000 | J26: =E26-D26 -> 0 | K26: =G26-F26 -> 0 | L26: =I26-H26 -> 0 | M26: =J26+K26+L26 -> 0
A27: 24 | B27: UMESH PAYYAM VALAPPIL | C27: 41214 | D27: 42736 | E27: 42745 | F27: 43021 | G27: 43065 | J27: =E27-D27 -> 9 | K27: =G27-F27 -> 44 | L27: =I27-H27 -> 0 | M27: =J27+K27+L27 -> 53
A28: 25 | B28: PRABHAKAR POONAM ANJAIAH POONAM | C28: 41244 | D28: 43061 | E28: 43099 | J28: =E28-D28 -> 38 | K28: =G28-F28 -> 0 | L28: =I28-H28 -> 0 | M28: =J28+K28+L28 -> 38
A29: 26 | B29: SHAMEER MUNDAKKATTU THODI | C29: 41244 | D29: 42736 | E29: 42739 | F29: 42982 | G29: 43011 | J29: =E29-D29 -> 3 | K29: =G29-F29 -> 29 | L29: =I29-H29 -> 0 | M29: =J29+K29+L29 -> 32
A30: 27 | B30: DHANOOP PADMANABHAN | C30: 41395 | D30: 42857 | E30: 42890 | J30: =E30-D30 -> 33 | K30: =G30-F30 -> 0 | L30: =I30-H30 -> 0 | M30: =J30+K30+L30 -> 33
A31: 28 | B31: SHARAFUDHEEN POROT PATILLATH | C31: 41487 | D31: 43011 | E31: 43100 | J31: =E31-D31 -> 89 | K31: =G31-F31 -> 0 | L31: =I31-H31 -> 0 | M31: =J31+K31+L31 -> 89 | N31: NOT YET JOIN
A32: 29 | B32: MUHAMMAD NIYAS KURIYAKATH | C32: 41518 | J32: =E32-D32 -> 0 | K32: =G32-F32 -> 0 | L32: =I32-H32 -> 0 | M32: =J32+K32+L32 -> 0
A33: 30 | B33: VINOD KUNHAPPU KUNHAPPU | C33: 41548 | D33: 42834 | E33: 42903 | J33: =E33-D33 -> 69 | K33: =G33-F33 -> 0 | L33: =I33-H33 -> 0 | M33: =J33+K33+L33 -> 69
A34: 31 | B34: FAZIL ASHRAF KUZHIKANDATHIL | C34: 41579 | D34: 42848 | E34: 42934 | J34: =E34-D34 -> 86 | K34: =G34-F34 -> 0 | L34: =I34-H34 -> 0 | M34: =J34+K34+L34 -> 86
A35: 32 | B35: Shamil Nisath | C35: 41609 | D35: 42736 | E35: 42743 | F35: 42901 | G35: 42933 | J35: =E35-D35 -> 7 | K35: =G35-F35 -> 32 | L35: =I35-H35 -> 0 | M35: =J35+K35+L35 -> 39
A36: 33 | B36: BYJU KAKKOTH | C36: 41671 | J36: =E36-D36 -> 0 | K36: =G36-F36 -> 0 | L36: =I36-H36 -> 0 | M36: =J36+K36+L36 -> 0
A37: 34 | B37: KABEER | C37: 41883 | D37: 42736 | E37: 42782 | J37: =E37-D37 -> 46 | K37: =G37-F37 -> 0 | L37: =I37-H37 -> 0 | M37: =J37+K37+L37 -> 46
A38: 35 | B38: Gangarajan | C38: 41913 | D38: 42768 | E38: 42831 | J38: =E38-D38 -> 63 | K38: =G38-F38 -> 0 | L38: =I38-H38 -> 0 | M38: =J38+K38+L38 -> 63
A39: 36 | B39: SHALA AL MOHD | C39: 42005 | D39: 42962 | E39: 42995 | J39: =E39-D39 -> 33 | K39: =G39-F39 -> 0 | L39: =I39-H39 -> 0 | M39: =J39+K39+L39 -> 33
A40: 37 | B40: SHIJU | C40: 42005 | D40: 42826 | E40: 42896 | F40: 42949 | G40: 42959 | J40: =E40-D40 -> 70 | K40: =G40-F40 -> 10 | L40: =I40-H40 -> 0 | M40: =J40+K40+L40 -> 80
A41: 38 | B41: Mallesh | C41: 42064 | D41: 42948 | E41: 43011 | J41: =E41-D41 -> 63 | K41: =G41-F41 -> 0 | L41: =I41-H41 -> 0 | M41: =J41+K41+L41 -> 63
A42: 39 | B42: Dileep Kumar | C42: 42064 | J42: =E42-D42 -> 0 | K42: =G42-F42 -> 0 | L42: =I42-H42 -> 0 | M42: =J42+K42+L42 -> 0
A43: 40 | B43: AJNAS | C43: 42156 | J43: =E43-D43 -> 0 | K43: =G43-F43 -> 0 | L43: =I43-H43 -> 0 | M43: =J43+K43+L43 -> 0
A44: 41 | B44: Muhammad Shalim | C44: 42248 | J44: =E44-D44 -> 0 | K44: =G44-F44 -> 0 | L44: =I44-H44 -> 0 | M44: =J44+K44+L44 -> 0
A45: 42 | B45: Sathisha Somanna Soladamukhi | C45: 42248 | D45: 42839 | E45: 42865 | J45: =E45-D45 -> 26 | K45: =G45-F45 -> 0 | L45: =I45-H45 -> 0 | M45: =J45+K45+L45 -> 26
A46: 43 | B46: VIKAS | C46: 42324 | J46: =E46-D46 -> 0 | K46: =G46-F46 -> 0 | L46: =I46-H46 -> 0 | M46: =J46+K46+L46 -> 0
A47: 44 | B47: MOHD JABID MOIDU KUNHI | C47: 41760 | D47: 42948 | E47: 42985 | J47: =E47-D47 -> 37 | K47: =G47-F47 -> 0 | L47: =I47-H47 -> 0 | M47: =J47+K47+L47 -> 37
A48: 45 | B48: SUBHADIN CHUNNUM TAMANG | C48: 41760 | D48: 42736 | E48: 42739 | J48: =E48-D48 -> 3 | K48: =G48-F48 -> 0 | L48: =I48-H48 -> 0 | M48: =J48+K48+L48 -> 3
A49: 46 | B49: ARUN KANNOTHIL | C49: 40878 | D49: 42834 | E49: 42907 | J49: =E49-D49 -> 73 | K49: =G49-F49 -> 0 | L49: =I49-H49 -> 0 | M49: =J49+K49+L49 -> 73
A50: 47 | B50: BIPLAB DEV | C50: 42430 | J50: =E50-D50 -> 0 | K50: =G50-F50 -> 0 | L50: =I50-H50 -> 0 | M50: =J50+K50+L50 -> 0
A51: 48 | B51: PARAMESH CHANDRAIAH NASPURI | C51: 42522 | J51: =E51-D51 -> 0 | K51: =G51-F51 -> 0 | L51: =I51-H51 -> 0 | M51: =J51+K51+L51 -> 0
A52: 49 | B52: SAGEESH GURIKKALOT | C52: 42522 | J52: =E52-D52 -> 0 | K52: =G52-F52 -> 0 | L52: =I52-H52 -> 0 | M52: =J52+K52+L52 -> 0
A53: 50 | B53: SHIYAS KETANHOTH MEETHAL | C53: 42522 | D53: 42955 | E53: 42972 | F53: 43009 | G53: 43100 | J53: =E53-D53 -> 17 | K53: =G53-F53 -> 91 | L53: =I53-H53 -> 0 | M53: =J53+K53+L53 -> 108 | N53: NOT YET JOIN
A54: 51 | B54: MUHD USMAN | C54: 42614 | J54: =E54-D54 -> 0 | K54: =G54-F54 -> 0 | L54: =I54-H54 -> 0 | M54: =J54+K54+L54 -> 0
A55: 52 | B55: IMRAN KHAN | C55: 42644 | J55: =E55-D55 -> 0 | K55: =G55-F55 -> 0 | L55: =I55-H55 -> 0 | M55: =J55+K55+L55 -> 0
A56: 53 | B56: Mejon Chittilappilly Jose | C56: 42675 | D56: 42784 | E56: 42795 | J56: =E56-D56 -> 11 | K56: =G56-F56 -> 0 | L56: =I56-H56 -> 0 | M56: =J56+K56+L56 -> 11
A57: 54 | B57: Muhammad Sabir Muhammad | C57: 42675 | J57: =E57-D57 -> 0 | K57: =G57-F57 -> 0 | L57: =I57-H57 -> 0 | M57: =J57+K57+L57 -> 0
A58: 55 | B58: RAJISH CHERIKANDIYIL | C58: 42736 | J58: =E58-D58 -> 0 | K58: =G58-F58 -> 0 | L58: =I58-H58 -> 0 | M58: =J58+K58+L58 -> 0
A59: 56 | B59: MOHAMED Faizal | C59: 42795 | J59: =E59-D59 -> 0 | K59: =G59-F59 -> 0 | L59: =I59-H59 -> 0 | M59: =J59+K59+L59 -> 0
A60: 57 | B60: ABDUL ZUBIR | C60: 42795 | J60: =E60-D60 -> 0 | K60: =G60-F60 -> 0 | L60: =I60-H60 -> 0 | M60: =J60+K60+L60 -> 0
A61: 58 | B61: KWAJA NIJAMUDDIN | C61: 42826 | J61: =E61-D61 -> 0 | K61: =G61-F61 -> 0 | L61: =I61-H61 -> 0 | M61: =J61+K61+L61 -> 0
A62: 59 | B62: RAJEEVAN | C62: 42856 | J62: =E62-D62 -> 0 | K62: =G62-F62 -> 0 | L62: =I62-H62 -> 0 | M62: =J62+K62+L62 -> 0
A63: 60 | B63: VIJAY SINGAM | C63: 42856 | J63: =E63-D63 -> 0 | K63: =G63-F63 -> 0 | L63: =I63-H63 -> 0 | M63: =J63+K63+L63 -> 0
A64: 61 | B64: SYED MURTUZA | C64: 42856 | J64: =E64-D64 -> 0 | K64: =G64-F64 -> 0 | L64: =I64-H64 -> 0 | M64: =J64+K64+L64 -> 0
A65: 62 | B65: SUNIL KUMAR | C65: 42948 | J65: =E65-D65 -> 0 | K65: =G65-F65 -> 0 | L65: =I65-H65 -> 0 | M65: =J65+K65+L65 -> 0
A66: 63 | B66: UMESH NAIK | C66: 42948 | J66: =E66-D66 -> 0 | K66: =G66-F66 -> 0 | L66: =I66-H66 -> 0 | M66: =J66+K66+L66 -> 0
A67: 64 | B67: PRABHAKAR MYLARAPU | C67: 42979 | J67: =E67-D67 -> 0 | K67: =G67-F67 -> 0 | L67: =I67-H67 -> 0 | M67: =J67+K67+L67 -> 0
A68: 65 | B68: AKASH RAVINDRA TAMBEKAR | C68: 42979 | J68: =E68-D68 -> 0 | K68: =G68-F68 -> 0 | L68: =I68-H68 -> 0 | M68: =J68+K68+L68 -> 0
A69: 66 | B69: SAMSEER MANGALADAN ASSU | C69: 43040 | J69: =E69-D69 -> 0 | K69: =G69-F69 -> 0 | L69: =I69-H69 -> 0 | M69: =J69+K69+L69 -> 0
A70: 67 | B70: MEHMOOD AHMED KHAN | C70: 39083 | D70: 42871 | E70: 42886 | J70: =E70-D70 -> 15 | K70: =G70-F70 -> 0 | L70: =I70-H70 -> 0 | M70: =J70+K70+L70 -> 15
A71: 68 | B71: ZAFAR IQBAL MOHAMMAD | C71: 39083 | D71: 42737 | E71: 42808 | J71: =E71-D71 -> 71 | K71: =G71-F71 -> 0 | L71: =I71-H71 -> 0 | M71: =J71+K71+L71 -> 71
A72: 69 | B72: BASHARAT AHMED AHMADULLAH KHAN | C72: 39083 | D72: 42937 | E72: 42997 | J72: =E72-D72 -> 60 | K72: =G72-F72 -> 0 | L72: =I72-H72 -> 0 | M72: =J72+K72+L72 -> 60
A73: 70 | B73: MUHAMMAD NASIR TAJ | C73: 40940 | J73: =E73-D73 -> 0 | K73: =G73-F73 -> 0 | L73: =I73-H73 -> 0 | M73: =J73+K73+L73 -> 0
A74: 71 | B74: NAZAM KHAN MEHMOOD AHMED | C74: 39173 | D74: 42887 | E74: 42935 | J74: =E74-D74 -> 48 | K74: =G74-F74 -> 0 | L74: =I74-H74 -> 0 | M74: =J74+K74+L74 -> 48
A75: 72 | B75: RAJESH KANAKKODI | C75: 39083 | D75: 42973 | E75: 43017 | J75: =E75-D75 -> 44 | K75: =G75-F75 -> 0 | L75: =I75-H75 -> 0 | M75: =J75+K75+L75 -> 44
A76: 73 | B76: RAJMOHAN RAVUNNIKUTTY | C76: 39083 | J76: =E76-D76 -> 0 | K76: =G76-F76 -> 0 | L76: =I76-H76 -> 0 | M76: =J76+K76+L76 -> 0
A77: 74 | B77: PRAMOD VATTAKKANDATHIL | C77: 40544 | J77: =E77-D77 -> 0 | K77: =G77-F77 -> 0 | L77: =I77-H77 -> 0 | M77: =J77+K77+L77 -> 0
A78: 75 | B78: VISHNU PARINTHIRIKKATTIL KUMARAN | C78: 40909 | J78: =E78-D78 -> 0 | K78: =G78-F78 -> 0 | L78: =I78-H78 -> 0 | M78: =J78+K78+L78 -> 0
A79: 76 | B79: JAGEESH PANDIKA THARAMMAL | C79: 41456 | J79: =E79-D79 -> 0 | K79: =G79-F79 -> 0 | L79: =I79-H79 -> 0 | M79: =J79+K79+L79 -> 0
A80: 77 | B80: RAHUL ARIMBOOTH | C80: 42979 | J80: =E80-D80 -> 0 | K80: =G80-F80 -> 0 | L80: =I80-H80 -> 0 | M80: =J80+K80+L80 -> 0
A81: 78 | B81: SURESH NARESH KHODICHERLA | C81: 39083 | D81: 42736 | E81: 42795 | J81: =E81-D81 -> 59 | K81: =G81-F81 -> 0 | L81: =I81-H81 -> 0 | M81: =J81+K81+L81 -> 59
A82: 79 | B82: RAHEEM | C82: 42856 | J82: =E82-D82 -> 0 | K82: =G82-F82 -> 0 | L82: =I82-H82 -> 0 | M82: =J82+K82+L82 -> 0
A83: 80 | B83: KRISHNA GAUATAM | C83: 42856 | J83: =E83-D83 -> 0 | K83: =G83-F83 -> 0 | L83: =I83-H83 -> 0 | M83: =J83+K83+L83 -> 0
A84: 81 | B84: MOHSIN BASHIR SARDAR | C84: 39173 | J84: =E84-D84 -> 0 | K84: =G84-F84 -> 0 | L84: =I84-H84 -> 0 | M84: =J84+K84+L84 -> 0
A85: 82 | B85: PASSANG TAMANG | C85: 41548 | J85: =E85-D85 -> 0 | K85: =G85-F85 -> 0 | L85: =I85-H85 -> 0 | M85: =J85+K85+L85 -> 0
A86: 83 | B86: BIPLAB TAMANG | C86: 41609 | J86: =E86-D86 -> 0 | K86: =G86-F86 -> 0 | L86: =I86-H86 -> 0 | M86: =J86+K86+L86 -> 0
A87: 84 | B87: SUNIL GOPALAN KOLOTHODY | C87: 40210 | D87: 42814 | E87: 42940 | J87: =E87-D87 -> 126 | K87: =G87-F87 -> 0 | L87: =I87-H87 -> 0 | M87: =J87+K87+L87 -> 126
A88: 85 | B88: SAJJAD HUSSAIN MUHAMMAD KHAN | C88: 39083 | D88: 42736 | E88: 42751 | J88: =E88-D88 -> 15 | K88: =G88-F88 -> 0 | L88: =I88-H88 -> 0 | M88: =J88+K88+L88 -> 15
A89: 86 | B89: MOHAMMAD SAJID MAHMOOD | C89: 39083 | J89: =E89-D89 -> 0 | K89: =G89-F89 -> 0 | L89: =I89-H89 -> 0 | M89: =J89+K89+L89 -> 0
A90: 87 | B90: MUHAMMAD FARYAD MUHAMMAD | C90: 39326 | J90: =E90-D90 -> 0 | K90: =G90-F90 -> 0 | L90: =I90-H90 -> 0 | M90: =J90+K90+L90 -> 0
A91: 88 | B91: SRINIVAS GUNDARAPU BALAIAH | C91: 39783 | D91: 42895 | E91: 42957 | J91: =E91-D91 -> 62 | K91: =G91-F91 -> 0 | L91: =I91-H91 -> 0 | M91: =J91+K91+L91 -> 62
A92: 89 | B92: BABER BASHIR SARDAR | C92: 40544 | J92: =E92-D92 -> 0 | K92: =G92-F92 -> 0 | L92: =I92-H92 -> 0 | M92: =J92+K92+L92 -> 0
A93: 90 | B93: MEHTAB AHMED | C93: 40664 | D93: 42979 | E93: 43067 | J93: =E93-D93 -> 88 | K93: =G93-F93 -> 0 | L93: =I93-H93 -> 0 | M93: =J93+K93+L93 -> 88
A94: 91 | B94: MUHAMMED NADEEM | C94: 40695 | J94: =E94-D94 -> 0 | K94: =G94-F94 -> 0 | L94: =I94-H94 -> 0 | M94: =J94+K94+L94 -> 0
A95: 92 | B95: RAMEEZ ZAFAR IQBAL | C95: 40848 | J95: =E95-D95 -> 0 | K95: =G95-F95 -> 0 | L95: =I95-H95 -> 0 | M95: =J95+K95+L95 -> 0
A96: 93 | B96: MUHAMMAD KHITAB | C96: 41791 | D96: 42839 | E96: 42920 | J96: =E96-D96 -> 81 | K96: =G96-F96 -> 0 | L96: =I96-H96 -> 0 | M96: =J96+K96+L96 -> 81 | N96: NOT YET JOIN
A97: 94 | B97: UMAIR RIAZ | C97: 41852 | D97: 42949 | E97: 43013 | J97: =E97-D97 -> 64 | K97: =G97-F97 -> 0 | L97: =I97-H97 -> 0 | M97: =J97+K97+L97 -> 64
A98: 95 | B98: Muhammad Ishtiaq | C98: 42156 | D98: 42795 | E98: 42853 | J98: =E98-D98 -> 58 | K98: =G98-F98 -> 0 | L98: =I98-H98 -> 0 | M98: =J98+K98+L98 -> 58
A99: 96 | B99: Irfan Sajjad | C99: 42140 | J99: =E99-D99 -> 0 | K99: =G99-F99 -> 0 | L99: =I99-H99 -> 0 | M99: =J99+K99+L99 -> 0
A100: 97 | B100: yasin | C100: 42461 | J100: =E100-D100 -> 0 | K100: =G100-F100 -> 0 | L100: =I100-H100 -> 0 | M100: =J100+K100+L100 -> 0
A101: 98 | B101: TOQEER | C101: 43040 | J101: =E101-D101 -> 0 | K101: =G101-F101 -> 0 | L101: =I101-H101 -> 0 | M101: =J101+K101+L101 -> 0
A102: 99 | B102: NARSIAH JAISETTI | C102: 43040 | J102: =E102-D102 -> 0 | K102: =G102-F102 -> 0 | L102: =I102-H102 -> 0 | M102: =J102+K102+L102 -> 0

Sheet 2016
D1: 1ST LEAVE | F1: 2ND LEAVE | H1: 3RD LEAVE | J1: 1 | K1: 2 | L1: 3 | M1: TOTAL | N1: REMARK
A2: SL | B2: STAFF NAME | J2: =E2-D2 -> 0 | K2: =G2-F2 -> 0 | L2: =I2-H2 -> 0 | M2: =J2+K2+L2 -> 0
J3: =E3-D3 -> 0 | K3: =G3-F3 -> 0 | L3: =I3-H3 -> 0 | M3: =J3+K3+L3 -> 0
A4: 1 | B4: MR. | C4: KANTESH NIHALCHANDANI | D4: 42490 | E4: 42500 | F4: 42550 | G4: 42573 | J4: =E4-D4 -> 10 | K4: =G4-F4 -> 23 | L4: =I4-H4 -> 0 | M4: =J4+K4+L4 -> 33
A5: 2 | B5: MR. | C5: ASHFAQ AHMED | D5: 42433 | E5: 42453 | J5: =E5-D5 -> 20 | K5: =G5-F5 -> 0 | L5: =I5-H5 -> 0 | M5: =J5+K5+L5 -> 20
A6: 3 | B6: MR. | C6: PAWAN KUMAR | D6: 42399 | E6: 42422 | J6: =E6-D6 -> 23 | K6: =G6-F6 -> 0 | L6: =I6-H6 -> 0 | M6: =J6+K6+L6 -> 23
A7: 4 | B7: MR. | C7: SREEKANTH | D7: 42643 | E7: 42689 | J7: =E7-D7 -> 46 | K7: =G7-F7 -> 0 | L7: =I7-H7 -> 0 | M7: =J7+K7+L7 -> 46
A8: 5 | B8: MS. | C8: DANNA | D8: 42577 | E8: 42581 | J8: =E8-D8 -> 4 | K8: =G8-F8 -> 0 | L8: =I8-H8 -> 0 | M8: =J8+K8+L8 -> 4
A9: 6 | B9: MR | C9: ARUN KANAKODE | D9: 42692 | E9: 42706 | J9: =E9-D9 -> 14 | K9: =G9-F9 -> 0 | L9: =I9-H9 -> 0 | M9: =J9+K9+L9 -> 14
A10: 7 | B10: MR. | C10: ABIRAL THAPA | J10: =E10-D10 -> 0 | K10: =G10-F10 -> 0 | L10: =I10-H10 -> 0 | M10: =J10+K10+L10 -> 0
A11: 8 | B11: MR. | C11: SANJAY MIRCHUMAL PUNJABI | D11: 42573 | E11: 42578 | J11: =E11-D11 -> 5 | K11: =G11-F11 -> 0 | L11: =I11-H11 -> 0 | M11: =J11+K11+L11 -> 5
A12: 9 | B12: MR. | C12: KADER NAMTURUTHI | D12: 42583 | E12: 42652 | J12: =E12-D12 -> 69 | K12: =G12-F12 -> 0 | L12: =I12-H12 -> 0 | M12: =J12+K12+L12 -> 69
A13: 10 | B13: MR. | C13: PRADEEP MAKHIJA | J13: =E13-D13 -> 0 | K13: =G13-F13 -> 0 | L13: =I13-H13 -> 0 | M13: =J13+K13+L13 -> 0
A14: 11 | B14: MR. | C14: MAHESH CHAINANI | D14: 42505 | E14: 42520 | F14: 42714 | G14: 42733 | J14: =E14-D14 -> 15 | K14: =G14-F14 -> 19 | L14: =I14-H14 -> 0 | M14: =J14+K14+L14 -> 34
A15: 12 | B15: MR. | C15: JITESH CHAWLA | D15: 42559 | E15: 42582 | J15: =E15-D15 -> 23 | K15: =G15-F15 -> 0 | L15: =I15-H15 -> 0 | M15: =J15+K15+L15 -> 23
A16: 13 | B16: MR. | C16: VIJAY KUMAR ASHOK KUMAR | D16: 42483 | E16: 42494 | J16: =E16-D16 -> 11 | K16: =G16-F16 -> 0 | L16: =I16-H16 -> 0 | M16: =J16+K16+L16 -> 11
A17: 14 | B17: MR. | C17: NISHITH SURENDRANATHAN | D17: 42451 | E17: 42455 | J17: =E17-D17 -> 4 | K17: =G17-F17 -> 0 | L17: =I17-H17 -> 0 | M17: =J17+K17+L17 -> 4
A18: 15 | B18: MR. | C18: ASLAMBHAI SHEIKH | D18: 42589 | E18: 42626 | J18: =E18-D18 -> 37 | K18: =G18-F18 -> 0 | L18: =I18-H18 -> 0 | M18: =J18+K18+L18 -> 37
A19: 16 | B19: MR. | C19: THOUFEEK POTTAMMAL | D19: 42370 | E19: 42420 | F19: 42608 | G19: 42612 | J19: =E19-D19 -> 50 | K19: =G19-F19 -> 4 | L19: =I19-H19 -> 0 | M19: =J19+K19+L19 -> 54
A20: 17 | B20: MR. | C20: PRAVEEN KUMAR PALERI PALODAN | D20: 42487 | E20: 42525 | J20: =E20-D20 -> 38 | K20: =G20-F20 -> 0 | L20: =I20-H20 -> 0 | M20: =J20+K20+L20 -> 38
A21: 18 | B21: MR. | C21: ABDUL NAMEER POTTAMEL | J21: =E21-D21 -> 0 | K21: =G21-F21 -> 0 | L21: =I21-H21 -> 0 | M21: =J21+K21+L21 -> 0
A22: 19 | B22: MR. | C22: VINEESH CHERUVATHUR | D22: 42370 | E22: 42406 | F22: 42678 | G22: 42690 | J22: =E22-D22 -> 36 | K22: =G22-F22 -> 12 | L22: =I22-H22 -> 0 | M22: =J22+K22+L22 -> 48
A23: 20 | B23: MR. | C23: MUHAMMED NAZIM | D23: 42401 | E23: 42462 | F23: 42639 | G23: 42643 | J23: =E23-D23 -> 61 | K23: =G23-F23 -> 4 | L23: =I23-H23 -> 0 | M23: =J23+K23+L23 -> 65
A24: 21 | B24: MR. | C24: PRAVEEN KUMAR KASHAVENI | D24: 42675 | E24: 42707 | J24: =E24-D24 -> 32 | K24: =G24-F24 -> 0 | L24: =I24-H24 -> 0 | M24: =J24+K24+L24 -> 32
A25: 22 | B25: MR. | C25: TAPAN DEV | D25: 42626 | E25: 42663 | F25: 42675 | G25: 42735 | J25: =E25-D25 -> 37 | K25: =G25-F25 -> 60 | L25: =I25-H25 -> 0 | M25: =J25+K25+L25 -> 97 | N25: NOT JOIN YET
A26: 23 | B26: MR. | C26: UMESH PAYYAM VALAPPIL | D26: 42713 | E26: 42735 | J26: =E26-D26 -> 22 | K26: =G26-F26 -> 0 | L26: =I26-H26 -> 0 | M26: =J26+K26+L26 -> 22 | N26: NOT JOIN YET
A27: 24 | B27: MR. | C27: PRABHAKAR POONAM ANJAIAH POONAM | J27: =E27-D27 -> 0 | K27: =G27-F27 -> 0 | L27: =I27-H27 -> 0 | M27: =J27+K27+L27 -> 0
A28: 25 | B28: MR. | C28: SHAMEER MUNDAKKATTU THODI | D28: 42422 | E28: 42432 | F28: 42699 | G28: 42735 | J28: =E28-D28 -> 10 | K28: =G28-F28 -> 36 | L28: =I28-H28 -> 0 | M28: =J28+K28+L28 -> 46 | N28: NOT JOIN YET
A29: 26 | B29: MR. | C29: DHANOOP PADMANABHAN | D29: 42457 | E29: 42483 | J29: =E29-D29 -> 26 | K29: =G29-F29 -> 0 | L29: =I29-H29 -> 0 | M29: =J29+K29+L29 -> 26
A30: 27 | B30: MR. | C30: SHARAFUDHEEN POROT PATILLATH | J30: =E30-D30 -> 0 | K30: =G30-F30 -> 0 | L30: =I30-H30 -> 0 | M30: =J30+K30+L30 -> 0
A31: 28 | B31: MR. | C31: MUHAMMAD NIYAS KURIYAKATH | D31: 42401 | E31: 42462 | J31: =E31-D31 -> 61 | K31: =G31-F31 -> 0 | L31: =I31-H31 -> 0 | M31: =J31+K31+L31 -> 61
A32: 29 | B32: MR. | C32: VINOD KUNHAPPU KUNHAPPU | D32: 42373 | E32: 42470 | J32: =E32-D32 -> 97 | K32: =G32-F32 -> 0 | L32: =I32-H32 -> 0 | M32: =J32+K32+L32 -> 97
A33: 30 | B33: MR. | C33: FAZIL ASHRAF KUZHIKANDATHIL | D33: 42488 | E33: 42552 | J33: =E33-D33 -> 64 | K33: =G33-F33 -> 0 | L33: =I33-H33 -> 0 | M33: =J33+K33+L33 -> 64
A34: 31 | B34: MR. | C34: SHAMIL NISATH | J34: =E34-D34 -> 0 | K34: =G34-F34 -> 0 | L34: =I34-H34 -> 0 | M34: =J34+K34+L34 -> 0
A35: 32 | B35: MR. | C35: BYJU KAKKOTH | D35: 42494 | E35: 42566 | J35: =E35-D35 -> 72 | K35: =G35-F35 -> 0 | L35: =I35-H35 -> 0 | M35: =J35+K35+L35 -> 72
A36: 33 | B36: MR | C36: ABHILASH CHANDRACHOODAN NAIR | D36: 42513 | E36: 42582 | J36: =E36-D36 -> 69 | K36: =G36-F36 -> 0 | L36: =I36-H36 -> 0 | M36: =J36+K36+L36 -> 69
A37: 34 | B37: MR | C37: KABEER | D37: 42702 | E37: 42735 | J37: =E37-D37 -> 33 | K37: =G37-F37 -> 0 | L37: =I37-H37 -> 0 | M37: =J37+K37+L37 -> 33 | N37: NOT JOIN YET
A38: 35 | B38: MR | C38: Gangarajan | J38: =E38-D38 -> 0 | K38: =G38-F38 -> 0 | L38: =I38-H38 -> 0 | M38: =J38+K38+L38 -> 0
A39: 36 | B39: MR | C39: SAHAL MUHAMMED | D39: 42430 | E39: 42442 | F39: 42696 | G39: 42716 | J39: =E39-D39 -> 12 | K39: =G39-F39 -> 20 | L39: =I39-H39 -> 0 | M39: =J39+K39+L39 -> 32
A40: 37 | B40: MR | C40: SHIJU | J40: =E40-D40 -> 0 | K40: =G40-F40 -> 0 | L40: =I40-H40 -> 0 | M40: =J40+K40+L40 -> 0
A41: 38 | B41: MR | C41: Mallesh | J41: =E41-D41 -> 0 | K41: =G41-F41 -> 0 | L41: =I41-H41 -> 0 | M41: =J41+K41+L41 -> 0
A42: 39 | B42: MR | C42: Dileep Kumar | D42: 42597 | E42: 42612 | J42: =E42-D42 -> 15 | K42: =G42-F42 -> 0 | L42: =I42-H42 -> 0 | M42: =J42+K42+L42 -> 15
A43: 40 | B43: MR. | C43: AJNAS | D43: 42580 | E43: 42635 | J43: =E43-D43 -> 55 | K43: =G43-F43 -> 0 | L43: =I43-H43 -> 0 | M43: =J43+K43+L43 -> 55
A44: 41 | B44: MR. | C44: Muhammad Shalim | J44: =E44-D44 -> 0 | K44: =G44-F44 -> 0 | L44: =I44-H44 -> 0 | M44: =J44+K44+L44 -> 0
A45: 42 | B45: MR. | C45: Sathisha Somanna Soladamukhi | J45: =E45-D45 -> 0 | K45: =G45-F45 -> 0 | L45: =I45-H45 -> 0 | M45: =J45+K45+L45 -> 0
A46: 43 | B46: MR. | C46: VIKAS | J46: =E46-D46 -> 0 | K46: =G46-F46 -> 0 | L46: =I46-H46 -> 0 | M46: =J46+K46+L46 -> 0
A47: 44 | B47: MR | C47: MOHD JABID MOIDU KUNHI | D47: 42679 | E47: 42701 | J47: =E47-D47 -> 22 | K47: =G47-F47 -> 0 | L47: =I47-H47 -> 0 | M47: =J47+K47+L47 -> 22
A48: 45 | B48: MR | C48: SUBHADIN CHUNNUM TAMANG | D48: 42664 | E48: 42735 | J48: =E48-D48 -> 71 | K48: =G48-F48 -> 0 | L48: =I48-H48 -> 0 | M48: =J48+K48+L48 -> 71 | N48: NOT JOIN YET
A49: 46 | B49: MR. | C49: ARUN KANNOTHIL | J49: =E49-D49 -> 0 | K49: =G49-F49 -> 0 | L49: =I49-H49 -> 0 | M49: =J49+K49+L49 -> 0
A50: 47 | B50: MR. | C50: BIPLAB DEV | J50: =E50-D50 -> 0 | K50: =G50-F50 -> 0 | L50: =I50-H50 -> 0 | M50: =J50+K50+L50 -> 0
